"source_id","source_type","source_ref","section_id","content_category","factual_or_interpretive","source_point","learn_location","mind_map_node","flashcard_ids","mc_question_ids","short_question_ids","long_question_ids","requires_extract","status","notes"
"ENG-CRIME-K001","knowledgeOrganiser","IMG_8847.jpeg — English Crime KO, page 1","historical-context","context","factual or definitional","Crime stories began to appear in the late 1700s.","Learn > Historical Context","Mind Map > Historical Context","eng-crime-f001;eng-crime-f002;eng-crime-f003;eng-crime-f004;eng-crime-f005;eng-crime-f006;eng-crime-f007;eng-crime-f008;eng-crime-f009;eng-crime-f010;eng-crime-f011;eng-crime-f012;eng-crime-f013;eng-crime-f014;eng-crime-f015","eng-crime-q001;eng-crime-q002;eng-crime-q003;eng-crime-q004;eng-crime-q005;eng-crime-q006;eng-crime-q007","eng-crime-q008;eng-crime-q009;eng-crime-q010;eng-crime-q011;eng-crime-q012","eng-crime-q013","no","Covered","KO point is present in Learn and Mind Map; the listed section-aligned retrieval and quiz items collectively cover the point."
"ENG-CRIME-K002","knowledgeOrganiser","IMG_8847.jpeg — English Crime KO, page 1","historical-context","context","factual or definitional","The modern crime novel first emerged with Edgar Allan Poe's The Murders in the Rue Morgue in 1841.","Learn > Historical Context","Mind Map > Historical Context","eng-crime-f001;eng-crime-f002;eng-crime-f003;eng-crime-f004;eng-crime-f005;eng-crime-f006;eng-crime-f007;eng-crime-f008;eng-crime-f009;eng-crime-f010;eng-crime-f011;eng-crime-f012;eng-crime-f013;eng-crime-f014;eng-crime-f015","eng-crime-q001;eng-crime-q002;eng-crime-q003;eng-crime-q004;eng-crime-q005;eng-crime-q006;eng-crime-q007","eng-crime-q008;eng-crime-q009;eng-crime-q010;eng-crime-q011;eng-crime-q012","eng-crime-q013","no","Covered","KO point is present in Learn and Mind Map; the listed section-aligned retrieval and quiz items collectively cover the point."
"ENG-CRIME-K003","knowledgeOrganiser","IMG_8847.jpeg — English Crime KO, page 1","historical-context","context","factual or definitional","Poe's story invited readers to follow clues and solve the crime alongside the detective.","Learn > Historical Context","Mind Map > Historical Context","eng-crime-f001;eng-crime-f002;eng-crime-f003;eng-crime-f004;eng-crime-f005;eng-crime-f006;eng-crime-f007;eng-crime-f008;eng-crime-f009;eng-crime-f010;eng-crime-f011;eng-crime-f012;eng-crime-f013;eng-crime-f014;eng-crime-f015","eng-crime-q001;eng-crime-q002;eng-crime-q003;eng-crime-q004;eng-crime-q005;eng-crime-q006;eng-crime-q007","eng-crime-q008;eng-crime-q009;eng-crime-q010;eng-crime-q011;eng-crime-q012","eng-crime-q013","no","Covered","KO point is present in Learn and Mind Map; the listed section-aligned retrieval and quiz items collectively cover the point."
"ENG-CRIME-K004","knowledgeOrganiser","IMG_8847.jpeg — English Crime KO, page 1","historical-context","context","factual or definitional","Penny Dreadfuls were popular crime stories published in weekly instalments.","Learn > Historical Context","Mind Map > Historical Context","eng-crime-f001;eng-crime-f002;eng-crime-f003;eng-crime-f004;eng-crime-f005;eng-crime-f006;eng-crime-f007;eng-crime-f008;eng-crime-f009;eng-crime-f010;eng-crime-f011;eng-crime-f012;eng-crime-f013;eng-crime-f014;eng-crime-f015","eng-crime-q001;eng-crime-q002;eng-crime-q003;eng-crime-q004;eng-crime-q005;eng-crime-q006;eng-crime-q007","eng-crime-q008;eng-crime-q009;eng-crime-q010;eng-crime-q011;eng-crime-q012","eng-crime-q013","no","Covered","KO point is present in Learn and Mind Map; the listed section-aligned retrieval and quiz items collectively cover the point."
"ENG-CRIME-K005","knowledgeOrganiser","IMG_8847.jpeg — English Crime KO, page 1","historical-context","context","factual or definitional","Penny Dreadfuls sensationalised crime and criminals.","Learn > Historical Context","Mind Map > Historical Context","eng-crime-f001;eng-crime-f002;eng-crime-f003;eng-crime-f004;eng-crime-f005;eng-crime-f006;eng-crime-f007;eng-crime-f008;eng-crime-f009;eng-crime-f010;eng-crime-f011;eng-crime-f012;eng-crime-f013;eng-crime-f014;eng-crime-f015","eng-crime-q001;eng-crime-q002;eng-crime-q003;eng-crime-q004;eng-crime-q005;eng-crime-q006;eng-crime-q007","eng-crime-q008;eng-crime-q009;eng-crime-q010;eng-crime-q011;eng-crime-q012","eng-crime-q013","no","Covered","KO point is present in Learn and Mind Map; the listed section-aligned retrieval and quiz items collectively cover the point."
"ENG-CRIME-K006","knowledgeOrganiser","IMG_8847.jpeg — English Crime KO, page 1","historical-context","context","factual or definitional","The first Sherlock Holmes story was published in 1887.","Learn > Historical Context","Mind Map > Historical Context","eng-crime-f001;eng-crime-f002;eng-crime-f003;eng-crime-f004;eng-crime-f005;eng-crime-f006;eng-crime-f007;eng-crime-f008;eng-crime-f009;eng-crime-f010;eng-crime-f011;eng-crime-f012;eng-crime-f013;eng-crime-f014;eng-crime-f015","eng-crime-q001;eng-crime-q002;eng-crime-q003;eng-crime-q004;eng-crime-q005;eng-crime-q006;eng-crime-q007","eng-crime-q008;eng-crime-q009;eng-crime-q010;eng-crime-q011;eng-crime-q012","eng-crime-q013","no","Covered","KO point is present in Learn and Mind Map; the listed section-aligned retrieval and quiz items collectively cover the point."
"ENG-CRIME-K007","knowledgeOrganiser","IMG_8847.jpeg — English Crime KO, page 1","historical-context","context","factual or definitional","Arthur Conan Doyle wrote four Sherlock Holmes novels and more than fifty short stories.","Learn > Historical Context","Mind Map > Historical Context","eng-crime-f001;eng-crime-f002;eng-crime-f003;eng-crime-f004;eng-crime-f005;eng-crime-f006;eng-crime-f007;eng-crime-f008;eng-crime-f009;eng-crime-f010;eng-crime-f011;eng-crime-f012;eng-crime-f013;eng-crime-f014;eng-crime-f015","eng-crime-q001;eng-crime-q002;eng-crime-q003;eng-crime-q004;eng-crime-q005;eng-crime-q006;eng-crime-q007","eng-crime-q008;eng-crime-q009;eng-crime-q010;eng-crime-q011;eng-crime-q012","eng-crime-q013","no","Covered","KO point is present in Learn and Mind Map; the listed section-aligned retrieval and quiz items collectively cover the point."
"ENG-CRIME-K008","knowledgeOrganiser","IMG_8847.jpeg — English Crime KO, page 1","historical-context","context","factual or definitional","John Watson is Sherlock Holmes's sidekick.","Learn > Historical Context","Mind Map > Historical Context","eng-crime-f001;eng-crime-f002;eng-crime-f003;eng-crime-f004;eng-crime-f005;eng-crime-f006;eng-crime-f007;eng-crime-f008;eng-crime-f009;eng-crime-f010;eng-crime-f011;eng-crime-f012;eng-crime-f013;eng-crime-f014;eng-crime-f015","eng-crime-q001;eng-crime-q002;eng-crime-q003;eng-crime-q004;eng-crime-q005;eng-crime-q006;eng-crime-q007","eng-crime-q008;eng-crime-q009;eng-crime-q010;eng-crime-q011;eng-crime-q012","eng-crime-q013","no","Covered","KO point is present in Learn and Mind Map; the listed section-aligned retrieval and quiz items collectively cover the point."
"ENG-CRIME-K009","knowledgeOrganiser","IMG_8847.jpeg — English Crime KO, page 1","historical-context","context","factual or definitional","Sherlock Holmes's impressive detective skills appealed to Victorian readers when crime was rising and the police were considered inept.","Learn > Historical Context","Mind Map > Historical Context","eng-crime-f001;eng-crime-f002;eng-crime-f003;eng-crime-f004;eng-crime-f005;eng-crime-f006;eng-crime-f007;eng-crime-f008;eng-crime-f009;eng-crime-f010;eng-crime-f011;eng-crime-f012;eng-crime-f013;eng-crime-f014;eng-crime-f015","eng-crime-q001;eng-crime-q002;eng-crime-q003;eng-crime-q004;eng-crime-q005;eng-crime-q006;eng-crime-q007","eng-crime-q008;eng-crime-q009;eng-crime-q010;eng-crime-q011;eng-crime-q012","eng-crime-q013","no","Covered","KO point is present in Learn and Mind Map; the listed section-aligned retrieval and quiz items collectively cover the point."
"ENG-CRIME-K010","knowledgeOrganiser","IMG_8847.jpeg — English Crime KO, page 1","historical-context","context","factual or definitional","The Golden Age of crime fiction lasted from the 1920s to the 1940s.","Learn > Historical Context","Mind Map > Historical Context","eng-crime-f001;eng-crime-f002;eng-crime-f003;eng-crime-f004;eng-crime-f005;eng-crime-f006;eng-crime-f007;eng-crime-f008;eng-crime-f009;eng-crime-f010;eng-crime-f011;eng-crime-f012;eng-crime-f013;eng-crime-f014;eng-crime-f015","eng-crime-q001;eng-crime-q002;eng-crime-q003;eng-crime-q004;eng-crime-q005;eng-crime-q006;eng-crime-q007","eng-crime-q008;eng-crime-q009;eng-crime-q010;eng-crime-q011;eng-crime-q012","eng-crime-q013","no","Covered","KO point is present in Learn and Mind Map; the listed section-aligned retrieval and quiz items collectively cover the point."
"ENG-CRIME-K011","knowledgeOrganiser","IMG_8847.jpeg — English Crime KO, page 1","historical-context","context","factual or definitional","Agatha Christie created the detectives Hercule Poirot and Miss Marple.","Learn > Historical Context","Mind Map > Historical Context","eng-crime-f001;eng-crime-f002;eng-crime-f003;eng-crime-f004;eng-crime-f005;eng-crime-f006;eng-crime-f007;eng-crime-f008;eng-crime-f009;eng-crime-f010;eng-crime-f011;eng-crime-f012;eng-crime-f013;eng-crime-f014;eng-crime-f015","eng-crime-q001;eng-crime-q002;eng-crime-q003;eng-crime-q004;eng-crime-q005;eng-crime-q006;eng-crime-q007","eng-crime-q008;eng-crime-q009;eng-crime-q010;eng-crime-q011;eng-crime-q012","eng-crime-q013","no","Covered","KO point is present in Learn and Mind Map; the listed section-aligned retrieval and quiz items collectively cover the point."
"ENG-CRIME-K012","knowledgeOrganiser","IMG_8847.jpeg — English Crime KO, page 1","historical-context","context","factual or definitional","Dorothy L. Sayers and Margery Allingham were also important Golden Age writers.","Learn > Historical Context","Mind Map > Historical Context","eng-crime-f001;eng-crime-f002;eng-crime-f003;eng-crime-f004;eng-crime-f005;eng-crime-f006;eng-crime-f007;eng-crime-f008;eng-crime-f009;eng-crime-f010;eng-crime-f011;eng-crime-f012;eng-crime-f013;eng-crime-f014;eng-crime-f015","eng-crime-q001;eng-crime-q002;eng-crime-q003;eng-crime-q004;eng-crime-q005;eng-crime-q006;eng-crime-q007","eng-crime-q008;eng-crime-q009;eng-crime-q010;eng-crime-q011;eng-crime-q012","eng-crime-q013","no","Covered","KO point is present in Learn and Mind Map; the listed section-aligned retrieval and quiz items collectively cover the point."
"ENG-CRIME-K013","knowledgeOrganiser","IMG_8847.jpeg — English Crime KO, page 1","historical-context","context","factual or definitional","Golden Age stories often used closed communities and a whodunnit puzzle that readers could try to solve.","Learn > Historical Context","Mind Map > Historical Context","eng-crime-f001;eng-crime-f002;eng-crime-f003;eng-crime-f004;eng-crime-f005;eng-crime-f006;eng-crime-f007;eng-crime-f008;eng-crime-f009;eng-crime-f010;eng-crime-f011;eng-crime-f012;eng-crime-f013;eng-crime-f014;eng-crime-f015","eng-crime-q001;eng-crime-q002;eng-crime-q003;eng-crime-q004;eng-crime-q005;eng-crime-q006;eng-crime-q007","eng-crime-q008;eng-crime-q009;eng-crime-q010;eng-crime-q011;eng-crime-q012","eng-crime-q013","no","Covered","KO point is present in Learn and Mind Map; the listed section-aligned retrieval and quiz items collectively cover the point."
"ENG-CRIME-K014","knowledgeOrganiser","IMG_8847.jpeg — English Crime KO, page 1","historical-context","context","factual or definitional","The popularity of Golden Age crime fiction helped lead to the creation of the board game Cluedo.","Learn > Historical Context","Mind Map > Historical Context","eng-crime-f001;eng-crime-f002;eng-crime-f003;eng-crime-f004;eng-crime-f005;eng-crime-f006;eng-crime-f007;eng-crime-f008;eng-crime-f009;eng-crime-f010;eng-crime-f011;eng-crime-f012;eng-crime-f013;eng-crime-f014;eng-crime-f015","eng-crime-q001;eng-crime-q002;eng-crime-q003;eng-crime-q004;eng-crime-q005;eng-crime-q006;eng-crime-q007","eng-crime-q008;eng-crime-q009;eng-crime-q010;eng-crime-q011;eng-crime-q012","eng-crime-q013","no","Covered","KO point is present in Learn and Mind Map; the listed section-aligned retrieval and quiz items collectively cover the point."
"ENG-CRIME-K015","knowledgeOrganiser","IMG_8847.jpeg — English Crime KO, page 1","historical-context","context","factual or definitional","Hardboiled crime was an American reaction to British Golden Age cosy crime.","Learn > Historical Context","Mind Map > Historical Context","eng-crime-f001;eng-crime-f002;eng-crime-f003;eng-crime-f004;eng-crime-f005;eng-crime-f006;eng-crime-f007;eng-crime-f008;eng-crime-f009;eng-crime-f010;eng-crime-f011;eng-crime-f012;eng-crime-f013;eng-crime-f014;eng-crime-f015","eng-crime-q001;eng-crime-q002;eng-crime-q003;eng-crime-q004;eng-crime-q005;eng-crime-q006;eng-crime-q007","eng-crime-q008;eng-crime-q009;eng-crime-q010;eng-crime-q011;eng-crime-q012","eng-crime-q013","no","Covered","KO point is present in Learn and Mind Map; the listed section-aligned retrieval and quiz items collectively cover the point."
"ENG-CRIME-K016","knowledgeOrganiser","IMG_8847.jpeg — English Crime KO, page 1","historical-context","context","factual or definitional","Hardboiled crime often featured a lone detective in a gritty city setting.","Learn > Historical Context","Mind Map > Historical Context","eng-crime-f001;eng-crime-f002;eng-crime-f003;eng-crime-f004;eng-crime-f005;eng-crime-f006;eng-crime-f007;eng-crime-f008;eng-crime-f009;eng-crime-f010;eng-crime-f011;eng-crime-f012;eng-crime-f013;eng-crime-f014;eng-crime-f015","eng-crime-q001;eng-crime-q002;eng-crime-q003;eng-crime-q004;eng-crime-q005;eng-crime-q006;eng-crime-q007","eng-crime-q008;eng-crime-q009;eng-crime-q010;eng-crime-q011;eng-crime-q012","eng-crime-q013","no","Covered","KO point is present in Learn and Mind Map; the listed section-aligned retrieval and quiz items collectively cover the point."
"ENG-CRIME-K017","knowledgeOrganiser","IMG_8847.jpeg — English Crime KO, page 1","historical-context","context","factual or definitional","Raymond Chandler and Dashiell Hammett were key hardboiled crime writers.","Learn > Historical Context","Mind Map > Historical Context","eng-crime-f001;eng-crime-f002;eng-crime-f003;eng-crime-f004;eng-crime-f005;eng-crime-f006;eng-crime-f007;eng-crime-f008;eng-crime-f009;eng-crime-f010;eng-crime-f011;eng-crime-f012;eng-crime-f013;eng-crime-f014;eng-crime-f015","eng-crime-q001;eng-crime-q002;eng-crime-q003;eng-crime-q004;eng-crime-q005;eng-crime-q006;eng-crime-q007","eng-crime-q008;eng-crime-q009;eng-crime-q010;eng-crime-q011;eng-crime-q012","eng-crime-q013","no","Covered","KO point is present in Learn and Mind Map; the listed section-aligned retrieval and quiz items collectively cover the point."
"ENG-CRIME-K018","knowledgeOrganiser","IMG_8847.jpeg — English Crime KO, page 1","historical-context","context","factual or definitional","Modern crime writing draws on several earlier crime styles.","Learn > Historical Context","Mind Map > Historical Context","eng-crime-f001;eng-crime-f002;eng-crime-f003;eng-crime-f004;eng-crime-f005;eng-crime-f006;eng-crime-f007;eng-crime-f008;eng-crime-f009;eng-crime-f010;eng-crime-f011;eng-crime-f012;eng-crime-f013;eng-crime-f014;eng-crime-f015","eng-crime-q001;eng-crime-q002;eng-crime-q003;eng-crime-q004;eng-crime-q005;eng-crime-q006;eng-crime-q007","eng-crime-q008;eng-crime-q009;eng-crime-q010;eng-crime-q011;eng-crime-q012","eng-crime-q013","no","Covered","KO point is present in Learn and Mind Map; the listed section-aligned retrieval and quiz items collectively cover the point."
"ENG-CRIME-K019","knowledgeOrganiser","IMG_8847.jpeg — English Crime KO, page 1","historical-context","context","factual or definitional","Modern crime often focuses more on psychology, police work and legal proceedings.","Learn > Historical Context","Mind Map > Historical Context","eng-crime-f001;eng-crime-f002;eng-crime-f003;eng-crime-f004;eng-crime-f005;eng-crime-f006;eng-crime-f007;eng-crime-f008;eng-crime-f009;eng-crime-f010;eng-crime-f011;eng-crime-f012;eng-crime-f013;eng-crime-f014;eng-crime-f015","eng-crime-q001;eng-crime-q002;eng-crime-q003;eng-crime-q004;eng-crime-q005;eng-crime-q006;eng-crime-q007","eng-crime-q008;eng-crime-q009;eng-crime-q010;eng-crime-q011;eng-crime-q012","eng-crime-q013","no","Covered","KO point is present in Learn and Mind Map; the listed section-aligned retrieval and quiz items collectively cover the point."
"ENG-CRIME-K020","knowledgeOrganiser","IMG_8847.jpeg — English Crime KO, page 1","historical-context","context","factual or definitional","Modern crime writers include Val McDermid, P. D. James and Richard Osman.","Learn > Historical Context","Mind Map > Historical Context","eng-crime-f001;eng-crime-f002;eng-crime-f003;eng-crime-f004;eng-crime-f005;eng-crime-f006;eng-crime-f007;eng-crime-f008;eng-crime-f009;eng-crime-f010;eng-crime-f011;eng-crime-f012;eng-crime-f013;eng-crime-f014;eng-crime-f015","eng-crime-q001;eng-crime-q002;eng-crime-q003;eng-crime-q004;eng-crime-q005;eng-crime-q006;eng-crime-q007","eng-crime-q008;eng-crime-q009;eng-crime-q010;eng-crime-q011;eng-crime-q012","eng-crime-q013","no","Covered","KO point is present in Learn and Mind Map; the listed section-aligned retrieval and quiz items collectively cover the point."
"ENG-CRIME-K021","knowledgeOrganiser","IMG_8847.jpeg — English Crime KO, page 1","genre-overview","genre","factual or definitional","Crime fiction revolves around criminal acts, their investigation and their consequences.","Learn > Overview of the Genre","Mind Map > Overview of the Genre","eng-crime-f016;eng-crime-f017;eng-crime-f018;eng-crime-f019;eng-crime-f020;eng-crime-f021;eng-crime-f022","eng-crime-q014;eng-crime-q015;eng-crime-q016;eng-crime-q017","eng-crime-q018;eng-crime-q019;eng-crime-q020","eng-crime-q021","no","Covered","KO point is present in Learn and Mind Map; the listed section-aligned retrieval and quiz items collectively cover the point."
"ENG-CRIME-K022","knowledgeOrganiser","IMG_8847.jpeg — English Crime KO, page 1","genre-overview","genre","factual or definitional","The genre explores justice, morality and human behaviour through lawbreaking and its aftermath.","Learn > Overview of the Genre","Mind Map > Overview of the Genre","eng-crime-f016;eng-crime-f017;eng-crime-f018;eng-crime-f019;eng-crime-f020;eng-crime-f021;eng-crime-f022","eng-crime-q014;eng-crime-q015;eng-crime-q016;eng-crime-q017","eng-crime-q018;eng-crime-q019;eng-crime-q020","eng-crime-q021","no","Covered","KO point is present in Learn and Mind Map; the listed section-aligned retrieval and quiz items collectively cover the point."
"ENG-CRIME-K023","knowledgeOrganiser","IMG_8847.jpeg — English Crime KO, page 1","genre-overview","genre","factual or definitional","Crime writing has frequently been a best-selling genre around the world for roughly the past 150 years.","Learn > Overview of the Genre","Mind Map > Overview of the Genre","eng-crime-f016;eng-crime-f017;eng-crime-f018;eng-crime-f019;eng-crime-f020;eng-crime-f021;eng-crime-f022","eng-crime-q014;eng-crime-q015;eng-crime-q016;eng-crime-q017","eng-crime-q018;eng-crime-q019;eng-crime-q020","eng-crime-q021","no","Covered","KO point is present in Learn and Mind Map; the listed section-aligned retrieval and quiz items collectively cover the point."
"ENG-CRIME-K024","knowledgeOrganiser","IMG_8847.jpeg — English Crime KO, page 1","genre-overview","genre","factual or definitional","A gripping plot is one reason readers enjoy crime fiction.","Learn > Overview of the Genre","Mind Map > Overview of the Genre","eng-crime-f016;eng-crime-f017;eng-crime-f018;eng-crime-f019;eng-crime-f020;eng-crime-f021;eng-crime-f022","eng-crime-q014;eng-crime-q015;eng-crime-q016;eng-crime-q017","eng-crime-q018;eng-crime-q019;eng-crime-q020","eng-crime-q021","no","Covered","KO point is present in Learn and Mind Map; the listed section-aligned retrieval and quiz items collectively cover the point."
"ENG-CRIME-K025","knowledgeOrganiser","IMG_8847.jpeg — English Crime KO, page 1","genre-overview","genre","factual or definitional","Suspense and tension keep readers engaged.","Learn > Overview of the Genre","Mind Map > Overview of the Genre","eng-crime-f016;eng-crime-f017;eng-crime-f018;eng-crime-f019;eng-crime-f020;eng-crime-f021;eng-crime-f022","eng-crime-q014;eng-crime-q015;eng-crime-q016;eng-crime-q017","eng-crime-q018;eng-crime-q019;eng-crime-q020","eng-crime-q021","no","Covered","KO point is present in Learn and Mind Map; the listed section-aligned retrieval and quiz items collectively cover the point."
"ENG-CRIME-K026","knowledgeOrganiser","IMG_8847.jpeg — English Crime KO, page 1","genre-overview","genre","factual or definitional","Crime fiction can intrigue readers by exploring the darker side of life.","Learn > Overview of the Genre","Mind Map > Overview of the Genre","eng-crime-f016;eng-crime-f017;eng-crime-f018;eng-crime-f019;eng-crime-f020;eng-crime-f021;eng-crime-f022","eng-crime-q014;eng-crime-q015;eng-crime-q016;eng-crime-q017","eng-crime-q018;eng-crime-q019;eng-crime-q020","eng-crime-q021","no","Covered","KO point is present in Learn and Mind Map; the listed section-aligned retrieval and quiz items collectively cover the point."
"ENG-CRIME-K027","knowledgeOrganiser","IMG_8847.jpeg — English Crime KO, page 1","genre-overview","genre","factual or definitional","Readers can enjoy solving the story's puzzle alongside the detective.","Learn > Overview of the Genre","Mind Map > Overview of the Genre","eng-crime-f016;eng-crime-f017;eng-crime-f018;eng-crime-f019;eng-crime-f020;eng-crime-f021;eng-crime-f022","eng-crime-q014;eng-crime-q015;eng-crime-q016;eng-crime-q017","eng-crime-q018;eng-crime-q019;eng-crime-q020","eng-crime-q021","no","Covered","KO point is present in Learn and Mind Map; the listed section-aligned retrieval and quiz items collectively cover the point."
"ENG-CRIME-K028","knowledgeOrganiser","IMG_8847.jpeg — English Crime KO, page 1","genre-overview","genre","factual or definitional","A clear resolution often restores balance after the crime has been solved.","Learn > Overview of the Genre","Mind Map > Overview of the Genre","eng-crime-f016;eng-crime-f017;eng-crime-f018;eng-crime-f019;eng-crime-f020;eng-crime-f021;eng-crime-f022","eng-crime-q014;eng-crime-q015;eng-crime-q016;eng-crime-q017","eng-crime-q018;eng-crime-q019;eng-crime-q020","eng-crime-q021","no","Covered","KO point is present in Learn and Mind Map; the listed section-aligned retrieval and quiz items collectively cover the point."
"ENG-CRIME-K029","knowledgeOrganiser","IMG_8847.jpeg — English Crime KO, page 1","keywords-definitions","vocabulary","factual or definitional","Protagonist — the main character.","Learn > Keywords and Definitions","Mind Map > Keywords and Definitions","eng-crime-f023;eng-crime-f024;eng-crime-f025;eng-crime-f026;eng-crime-f027;eng-crime-f028;eng-crime-f029;eng-crime-f030;eng-crime-f031;eng-crime-f032;eng-crime-f033;eng-crime-f034","eng-crime-q022;eng-crime-q023;eng-crime-q024;eng-crime-q025;eng-crime-q026;eng-crime-q027","eng-crime-q028;eng-crime-q029;eng-crime-q030;eng-crime-q031","","no","Covered","KO point is present in Learn and Mind Map; the listed section-aligned retrieval and quiz items collectively cover the point."
"ENG-CRIME-K030","knowledgeOrganiser","IMG_8847.jpeg — English Crime KO, page 1","keywords-definitions","vocabulary","factual or definitional","Antagonist — the opponent to the main character.","Learn > Keywords and Definitions","Mind Map > Keywords and Definitions","eng-crime-f023;eng-crime-f024;eng-crime-f025;eng-crime-f026;eng-crime-f027;eng-crime-f028;eng-crime-f029;eng-crime-f030;eng-crime-f031;eng-crime-f032;eng-crime-f033;eng-crime-f034","eng-crime-q022;eng-crime-q023;eng-crime-q024;eng-crime-q025;eng-crime-q026;eng-crime-q027","eng-crime-q028;eng-crime-q029;eng-crime-q030;eng-crime-q031","","no","Covered","KO point is present in Learn and Mind Map; the listed section-aligned retrieval and quiz items collectively cover the point."
"ENG-CRIME-K031","knowledgeOrganiser","IMG_8847.jpeg — English Crime KO, page 1","keywords-definitions","vocabulary","factual or definitional","Adversary — an opponent or enemy.","Learn > Keywords and Definitions","Mind Map > Keywords and Definitions","eng-crime-f023;eng-crime-f024;eng-crime-f025;eng-crime-f026;eng-crime-f027;eng-crime-f028;eng-crime-f029;eng-crime-f030;eng-crime-f031;eng-crime-f032;eng-crime-f033;eng-crime-f034","eng-crime-q022;eng-crime-q023;eng-crime-q024;eng-crime-q025;eng-crime-q026;eng-crime-q027","eng-crime-q028;eng-crime-q029;eng-crime-q030;eng-crime-q031","","no","Covered","KO point is present in Learn and Mind Map; the listed section-aligned retrieval and quiz items collectively cover the point."
"ENG-CRIME-K032","knowledgeOrganiser","IMG_8847.jpeg — English Crime KO, page 1","keywords-definitions","vocabulary","factual or definitional","Genre — a category of literature identified by its form, content and style.","Learn > Keywords and Definitions","Mind Map > Keywords and Definitions","eng-crime-f023;eng-crime-f024;eng-crime-f025;eng-crime-f026;eng-crime-f027;eng-crime-f028;eng-crime-f029;eng-crime-f030;eng-crime-f031;eng-crime-f032;eng-crime-f033;eng-crime-f034","eng-crime-q022;eng-crime-q023;eng-crime-q024;eng-crime-q025;eng-crime-q026;eng-crime-q027","eng-crime-q028;eng-crime-q029;eng-crime-q030;eng-crime-q031","","no","Covered","KO point is present in Learn and Mind Map; the listed section-aligned retrieval and quiz items collectively cover the point."
"ENG-CRIME-K033","knowledgeOrganiser","IMG_8847.jpeg — English Crime KO, page 1","keywords-definitions","vocabulary","factual or definitional","Justice — the quality of being fair and reasonable.","Learn > Keywords and Definitions","Mind Map > Keywords and Definitions","eng-crime-f023;eng-crime-f024;eng-crime-f025;eng-crime-f026;eng-crime-f027;eng-crime-f028;eng-crime-f029;eng-crime-f030;eng-crime-f031;eng-crime-f032;eng-crime-f033;eng-crime-f034","eng-crime-q022;eng-crime-q023;eng-crime-q024;eng-crime-q025;eng-crime-q026;eng-crime-q027","eng-crime-q028;eng-crime-q029;eng-crime-q030;eng-crime-q031","","no","Covered","KO point is present in Learn and Mind Map; the listed section-aligned retrieval and quiz items collectively cover the point."
"ENG-CRIME-K034","knowledgeOrganiser","IMG_8847.jpeg — English Crime KO, page 1","keywords-definitions","vocabulary","factual or definitional","Moral — concerned with principles of right and wrong behaviour.","Learn > Keywords and Definitions","Mind Map > Keywords and Definitions","eng-crime-f023;eng-crime-f024;eng-crime-f025;eng-crime-f026;eng-crime-f027;eng-crime-f028;eng-crime-f029;eng-crime-f030;eng-crime-f031;eng-crime-f032;eng-crime-f033;eng-crime-f034","eng-crime-q022;eng-crime-q023;eng-crime-q024;eng-crime-q025;eng-crime-q026;eng-crime-q027","eng-crime-q028;eng-crime-q029;eng-crime-q030;eng-crime-q031","","no","Covered","KO point is present in Learn and Mind Map; the listed section-aligned retrieval and quiz items collectively cover the point."
"ENG-CRIME-K035","knowledgeOrganiser","IMG_8847.jpeg — English Crime KO, page 1","keywords-definitions","vocabulary","factual or definitional","Morality — a sense of what is right and wrong.","Learn > Keywords and Definitions","Mind Map > Keywords and Definitions","eng-crime-f023;eng-crime-f024;eng-crime-f025;eng-crime-f026;eng-crime-f027;eng-crime-f028;eng-crime-f029;eng-crime-f030;eng-crime-f031;eng-crime-f032;eng-crime-f033;eng-crime-f034","eng-crime-q022;eng-crime-q023;eng-crime-q024;eng-crime-q025;eng-crime-q026;eng-crime-q027","eng-crime-q028;eng-crime-q029;eng-crime-q030;eng-crime-q031","","no","Covered","KO point is present in Learn and Mind Map; the listed section-aligned retrieval and quiz items collectively cover the point."
"ENG-CRIME-K036","knowledgeOrganiser","IMG_8847.jpeg — English Crime KO, page 1","keywords-definitions","vocabulary","factual or definitional","Deduction — working something out through reasoning.","Learn > Keywords and Definitions","Mind Map > Keywords and Definitions","eng-crime-f023;eng-crime-f024;eng-crime-f025;eng-crime-f026;eng-crime-f027;eng-crime-f028;eng-crime-f029;eng-crime-f030;eng-crime-f031;eng-crime-f032;eng-crime-f033;eng-crime-f034","eng-crime-q022;eng-crime-q023;eng-crime-q024;eng-crime-q025;eng-crime-q026;eng-crime-q027","eng-crime-q028;eng-crime-q029;eng-crime-q030;eng-crime-q031","","no","Covered","KO point is present in Learn and Mind Map; the listed section-aligned retrieval and quiz items collectively cover the point."
"ENG-CRIME-K037","knowledgeOrganiser","IMG_8847.jpeg — English Crime KO, page 1","keywords-definitions","vocabulary","factual or definitional","Obfuscate — to be unclear or confusing.","Learn > Keywords and Definitions","Mind Map > Keywords and Definitions","eng-crime-f023;eng-crime-f024;eng-crime-f025;eng-crime-f026;eng-crime-f027;eng-crime-f028;eng-crime-f029;eng-crime-f030;eng-crime-f031;eng-crime-f032;eng-crime-f033;eng-crime-f034","eng-crime-q022;eng-crime-q023;eng-crime-q024;eng-crime-q025;eng-crime-q026;eng-crime-q027","eng-crime-q028;eng-crime-q029;eng-crime-q030;eng-crime-q031","","no","Covered","KO point is present in Learn and Mind Map; the listed section-aligned retrieval and quiz items collectively cover the point."
"ENG-CRIME-K038","knowledgeOrganiser","IMG_8847.jpeg — English Crime KO, page 1","keywords-definitions","vocabulary","factual or definitional","Remorseful — full of regret.","Learn > Keywords and Definitions","Mind Map > Keywords and Definitions","eng-crime-f023;eng-crime-f024;eng-crime-f025;eng-crime-f026;eng-crime-f027;eng-crime-f028;eng-crime-f029;eng-crime-f030;eng-crime-f031;eng-crime-f032;eng-crime-f033;eng-crime-f034","eng-crime-q022;eng-crime-q023;eng-crime-q024;eng-crime-q025;eng-crime-q026;eng-crime-q027","eng-crime-q028;eng-crime-q029;eng-crime-q030;eng-crime-q031","","no","Covered","KO point is present in Learn and Mind Map; the listed section-aligned retrieval and quiz items collectively cover the point."
"ENG-CRIME-K039","knowledgeOrganiser","IMG_8847.jpeg — English Crime KO, page 1","keywords-definitions","vocabulary","factual or definitional","Red herrings — misleading clues that may trick the detective or reader.","Learn > Keywords and Definitions","Mind Map > Keywords and Definitions","eng-crime-f023;eng-crime-f024;eng-crime-f025;eng-crime-f026;eng-crime-f027;eng-crime-f028;eng-crime-f029;eng-crime-f030;eng-crime-f031;eng-crime-f032;eng-crime-f033;eng-crime-f034","eng-crime-q022;eng-crime-q023;eng-crime-q024;eng-crime-q025;eng-crime-q026;eng-crime-q027","eng-crime-q028;eng-crime-q029;eng-crime-q030;eng-crime-q031","","no","Covered","KO point is present in Learn and Mind Map; the listed section-aligned retrieval and quiz items collectively cover the point."
"ENG-CRIME-K040","knowledgeOrganiser","IMG_8847.jpeg — English Crime KO, page 1","keywords-definitions","vocabulary","factual or definitional","Sensationalise — to present information in an exaggerated and shocking way.","Learn > Keywords and Definitions","Mind Map > Keywords and Definitions","eng-crime-f023;eng-crime-f024;eng-crime-f025;eng-crime-f026;eng-crime-f027;eng-crime-f028;eng-crime-f029;eng-crime-f030;eng-crime-f031;eng-crime-f032;eng-crime-f033;eng-crime-f034","eng-crime-q022;eng-crime-q023;eng-crime-q024;eng-crime-q025;eng-crime-q026;eng-crime-q027","eng-crime-q028;eng-crime-q029;eng-crime-q030;eng-crime-q031","","no","Covered","KO point is present in Learn and Mind Map; the listed section-aligned retrieval and quiz items collectively cover the point."
"ENG-CRIME-K041","knowledgeOrganiser","IMG_8848.jpeg — English Crime KO, page 2","crime-conventions","convention","factual or definitional","The detective may be a professional police detective, a private detective or an amateur or armchair detective.","Learn > Conventions of the Genre","Mind Map > Conventions of the Genre","eng-crime-f035;eng-crime-f036;eng-crime-f037;eng-crime-f038;eng-crime-f039;eng-crime-f040;eng-crime-f041;eng-crime-f042;eng-crime-f043;eng-crime-f044","eng-crime-q032;eng-crime-q033;eng-crime-q034;eng-crime-q035","eng-crime-q036;eng-crime-q037;eng-crime-q038;eng-crime-q039","eng-crime-q040","no","Covered","KO point is present in Learn and Mind Map; the listed section-aligned retrieval and quiz items collectively cover the point."
"ENG-CRIME-K042","knowledgeOrganiser","IMG_8848.jpeg — English Crime KO, page 2","crime-conventions","convention","factual or definitional","Modern crime texts most often centre on murder.","Learn > Conventions of the Genre","Mind Map > Conventions of the Genre","eng-crime-f035;eng-crime-f036;eng-crime-f037;eng-crime-f038;eng-crime-f039;eng-crime-f040;eng-crime-f041;eng-crime-f042;eng-crime-f043;eng-crime-f044","eng-crime-q032;eng-crime-q033;eng-crime-q034;eng-crime-q035","eng-crime-q036;eng-crime-q037;eng-crime-q038;eng-crime-q039","eng-crime-q040","no","Covered","KO point is present in Learn and Mind Map; the listed section-aligned retrieval and quiz items collectively cover the point."
"ENG-CRIME-K043","knowledgeOrganiser","IMG_8848.jpeg — English Crime KO, page 2","crime-conventions","convention","factual or definitional","Golden Age crimes often included theft or blackmail.","Learn > Conventions of the Genre","Mind Map > Conventions of the Genre","eng-crime-f035;eng-crime-f036;eng-crime-f037;eng-crime-f038;eng-crime-f039;eng-crime-f040;eng-crime-f041;eng-crime-f042;eng-crime-f043;eng-crime-f044","eng-crime-q032;eng-crime-q033;eng-crime-q034;eng-crime-q035","eng-crime-q036;eng-crime-q037;eng-crime-q038;eng-crime-q039","eng-crime-q040","no","Covered","KO point is present in Learn and Mind Map; the listed section-aligned retrieval and quiz items collectively cover the point."
"ENG-CRIME-K044","knowledgeOrganiser","IMG_8848.jpeg — English Crime KO, page 2","crime-conventions","convention","factual or definitional","Older crime stories often used motives such as revenge or financial gain, while modern stories may explore psychological motives.","Learn > Conventions of the Genre","Mind Map > Conventions of the Genre","eng-crime-f035;eng-crime-f036;eng-crime-f037;eng-crime-f038;eng-crime-f039;eng-crime-f040;eng-crime-f041;eng-crime-f042;eng-crime-f043;eng-crime-f044","eng-crime-q032;eng-crime-q033;eng-crime-q034;eng-crime-q035","eng-crime-q036;eng-crime-q037;eng-crime-q038;eng-crime-q039","eng-crime-q040","no","Covered","KO point is present in Learn and Mind Map; the listed section-aligned retrieval and quiz items collectively cover the point."
"ENG-CRIME-K045","knowledgeOrganiser","IMG_8848.jpeg — English Crime KO, page 2","crime-conventions","convention","factual or definitional","In the nineteenth and early twentieth centuries, victims were often male characters presented as having 'earned' the crime against them.","Learn > Conventions of the Genre","Mind Map > Conventions of the Genre","eng-crime-f035;eng-crime-f036;eng-crime-f037;eng-crime-f038;eng-crime-f039;eng-crime-f040;eng-crime-f041;eng-crime-f042;eng-crime-f043;eng-crime-f044","eng-crime-q032;eng-crime-q033;eng-crime-q034;eng-crime-q035","eng-crime-q036;eng-crime-q037;eng-crime-q038;eng-crime-q039","eng-crime-q040","no","Covered","KO point is present in Learn and Mind Map; the listed section-aligned retrieval and quiz items collectively cover the point."
"ENG-CRIME-K046","knowledgeOrganiser","IMG_8848.jpeg — English Crime KO, page 2","crime-conventions","convention","factual or definitional","Modern crime fiction presents a more diverse range of victims.","Learn > Conventions of the Genre","Mind Map > Conventions of the Genre","eng-crime-f035;eng-crime-f036;eng-crime-f037;eng-crime-f038;eng-crime-f039;eng-crime-f040;eng-crime-f041;eng-crime-f042;eng-crime-f043;eng-crime-f044","eng-crime-q032;eng-crime-q033;eng-crime-q034;eng-crime-q035","eng-crime-q036;eng-crime-q037;eng-crime-q038;eng-crime-q039","eng-crime-q040","no","Covered","KO point is present in Learn and Mind Map; the listed section-aligned retrieval and quiz items collectively cover the point."
"ENG-CRIME-K047","knowledgeOrganiser","IMG_8848.jpeg — English Crime KO, page 2","crime-conventions","convention","factual or definitional","Clues help the detective and reader solve the crime.","Learn > Conventions of the Genre","Mind Map > Conventions of the Genre","eng-crime-f035;eng-crime-f036;eng-crime-f037;eng-crime-f038;eng-crime-f039;eng-crime-f040;eng-crime-f041;eng-crime-f042;eng-crime-f043;eng-crime-f044","eng-crime-q032;eng-crime-q033;eng-crime-q034;eng-crime-q035","eng-crime-q036;eng-crime-q037;eng-crime-q038;eng-crime-q039","eng-crime-q040","no","Covered","KO point is present in Learn and Mind Map; the listed section-aligned retrieval and quiz items collectively cover the point."
"ENG-CRIME-K048","knowledgeOrganiser","IMG_8848.jpeg — English Crime KO, page 2","crime-conventions","convention","factual or definitional","Red herrings mislead the detective and reader.","Learn > Conventions of the Genre","Mind Map > Conventions of the Genre","eng-crime-f035;eng-crime-f036;eng-crime-f037;eng-crime-f038;eng-crime-f039;eng-crime-f040;eng-crime-f041;eng-crime-f042;eng-crime-f043;eng-crime-f044","eng-crime-q032;eng-crime-q033;eng-crime-q034;eng-crime-q035","eng-crime-q036;eng-crime-q037;eng-crime-q038;eng-crime-q039","eng-crime-q040","no","Covered","KO point is present in Learn and Mind Map; the listed section-aligned retrieval and quiz items collectively cover the point."
"ENG-CRIME-K049","knowledgeOrganiser","IMG_8848.jpeg — English Crime KO, page 2","crime-conventions","convention","factual or definitional","Plot twists are unexpected moments that keep a story tense and unpredictable.","Learn > Conventions of the Genre","Mind Map > Conventions of the Genre","eng-crime-f035;eng-crime-f036;eng-crime-f037;eng-crime-f038;eng-crime-f039;eng-crime-f040;eng-crime-f041;eng-crime-f042;eng-crime-f043;eng-crime-f044","eng-crime-q032;eng-crime-q033;eng-crime-q034;eng-crime-q035","eng-crime-q036;eng-crime-q037;eng-crime-q038;eng-crime-q039","eng-crime-q040","no","Covered","KO point is present in Learn and Mind Map; the listed section-aligned retrieval and quiz items collectively cover the point."
"ENG-CRIME-K050","knowledgeOrganiser","IMG_8848.jpeg — English Crime KO, page 2","crime-conventions","convention","factual or definitional","Common crime themes include love, money, danger and death.","Learn > Conventions of the Genre","Mind Map > Conventions of the Genre","eng-crime-f035;eng-crime-f036;eng-crime-f037;eng-crime-f038;eng-crime-f039;eng-crime-f040;eng-crime-f041;eng-crime-f042;eng-crime-f043;eng-crime-f044","eng-crime-q032;eng-crime-q033;eng-crime-q034;eng-crime-q035","eng-crime-q036;eng-crime-q037;eng-crime-q038;eng-crime-q039","eng-crime-q040","no","Covered","KO point is present in Learn and Mind Map; the listed section-aligned retrieval and quiz items collectively cover the point."
"ENG-CRIME-K051","knowledgeOrganiser","IMG_8848.jpeg — English Crime KO, page 2","crime-conventions","convention","factual or definitional","Crime stories often use isolated rural settings or busy city settings.","Learn > Conventions of the Genre","Mind Map > Conventions of the Genre","eng-crime-f035;eng-crime-f036;eng-crime-f037;eng-crime-f038;eng-crime-f039;eng-crime-f040;eng-crime-f041;eng-crime-f042;eng-crime-f043;eng-crime-f044","eng-crime-q032;eng-crime-q033;eng-crime-q034;eng-crime-q035","eng-crime-q036;eng-crime-q037;eng-crime-q038;eng-crime-q039","eng-crime-q040","no","Covered","KO point is present in Learn and Mind Map; the listed section-aligned retrieval and quiz items collectively cover the point."
"ENG-CRIME-K052","knowledgeOrganiser","IMG_8848.jpeg — English Crime KO, page 2","crime-conventions","convention","factual or definitional","A conventional resolution solves the crime and punishes the criminal.","Learn > Conventions of the Genre","Mind Map > Conventions of the Genre","eng-crime-f035;eng-crime-f036;eng-crime-f037;eng-crime-f038;eng-crime-f039;eng-crime-f040;eng-crime-f041;eng-crime-f042;eng-crime-f043;eng-crime-f044","eng-crime-q032;eng-crime-q033;eng-crime-q034;eng-crime-q035","eng-crime-q036;eng-crime-q037;eng-crime-q038;eng-crime-q039","eng-crime-q040","no","Covered","KO point is present in Learn and Mind Map; the listed section-aligned retrieval and quiz items collectively cover the point."
"ENG-CRIME-K053","knowledgeOrganiser","IMG_8848.jpeg — English Crime KO, page 2","writers-methods","method","factual or definitional","A chronological structure tells events in time order.","Learn > Writers' Methods","Mind Map > Writers' Methods","eng-crime-f045;eng-crime-f046;eng-crime-f047;eng-crime-f048;eng-crime-f049;eng-crime-f050;eng-crime-f051;eng-crime-f052;eng-crime-f053;eng-crime-f054;eng-crime-f055","eng-crime-q041;eng-crime-q042;eng-crime-q043;eng-crime-q044;eng-crime-q045","eng-crime-q046;eng-crime-q047;eng-crime-q048;eng-crime-q049","eng-crime-q050;eng-crime-q051","no","Covered","KO point is present in Learn and Mind Map; the listed section-aligned retrieval and quiz items collectively cover the point."
"ENG-CRIME-K054","knowledgeOrganiser","IMG_8848.jpeg — English Crime KO, page 2","writers-methods","method","factual or definitional","A climax is a moment of high drama or revelation in a story's plot.","Learn > Writers' Methods","Mind Map > Writers' Methods","eng-crime-f045;eng-crime-f046;eng-crime-f047;eng-crime-f048;eng-crime-f049;eng-crime-f050;eng-crime-f051;eng-crime-f052;eng-crime-f053;eng-crime-f054;eng-crime-f055","eng-crime-q041;eng-crime-q042;eng-crime-q043;eng-crime-q044;eng-crime-q045","eng-crime-q046;eng-crime-q047;eng-crime-q048;eng-crime-q049","eng-crime-q050;eng-crime-q051","no","Covered","KO point is present in Learn and Mind Map; the listed section-aligned retrieval and quiz items collectively cover the point."
"ENG-CRIME-K055","knowledgeOrganiser","IMG_8848.jpeg — English Crime KO, page 2","writers-methods","method","factual or definitional","A resolution is the end or conclusion of a story's plot.","Learn > Writers' Methods","Mind Map > Writers' Methods","eng-crime-f045;eng-crime-f046;eng-crime-f047;eng-crime-f048;eng-crime-f049;eng-crime-f050;eng-crime-f051;eng-crime-f052;eng-crime-f053;eng-crime-f054;eng-crime-f055","eng-crime-q041;eng-crime-q042;eng-crime-q043;eng-crime-q044;eng-crime-q045","eng-crime-q046;eng-crime-q047;eng-crime-q048;eng-crime-q049","eng-crime-q050;eng-crime-q051","no","Covered","KO point is present in Learn and Mind Map; the listed section-aligned retrieval and quiz items collectively cover the point."
"ENG-CRIME-K056","knowledgeOrganiser","IMG_8848.jpeg — English Crime KO, page 2","writers-methods","method","factual or definitional","Flashbacks and flash-forwards move backwards or forwards in time and interrupt the main narrative.","Learn > Writers' Methods","Mind Map > Writers' Methods","eng-crime-f045;eng-crime-f046;eng-crime-f047;eng-crime-f048;eng-crime-f049;eng-crime-f050;eng-crime-f051;eng-crime-f052;eng-crime-f053;eng-crime-f054;eng-crime-f055","eng-crime-q041;eng-crime-q042;eng-crime-q043;eng-crime-q044;eng-crime-q045","eng-crime-q046;eng-crime-q047;eng-crime-q048;eng-crime-q049","eng-crime-q050;eng-crime-q051","no","Covered","KO point is present in Learn and Mind Map; the listed section-aligned retrieval and quiz items collectively cover the point."
"ENG-CRIME-K057","knowledgeOrganiser","IMG_8848.jpeg — English Crime KO, page 2","writers-methods","method","factual or definitional","Writers may shift the time and place of the narrative.","Learn > Writers' Methods","Mind Map > Writers' Methods","eng-crime-f045;eng-crime-f046;eng-crime-f047;eng-crime-f048;eng-crime-f049;eng-crime-f050;eng-crime-f051;eng-crime-f052;eng-crime-f053;eng-crime-f054;eng-crime-f055","eng-crime-q041;eng-crime-q042;eng-crime-q043;eng-crime-q044;eng-crime-q045","eng-crime-q046;eng-crime-q047;eng-crime-q048;eng-crime-q049","eng-crime-q050;eng-crime-q051","no","Covered","KO point is present in Learn and Mind Map; the listed section-aligned retrieval and quiz items collectively cover the point."
"ENG-CRIME-K058","knowledgeOrganiser","IMG_8848.jpeg — English Crime KO, page 2","writers-methods","method","factual or definitional","Suspense creates intense anticipation, uncertainty or anxiety about what will happen next.","Learn > Writers' Methods","Mind Map > Writers' Methods","eng-crime-f045;eng-crime-f046;eng-crime-f047;eng-crime-f048;eng-crime-f049;eng-crime-f050;eng-crime-f051;eng-crime-f052;eng-crime-f053;eng-crime-f054;eng-crime-f055","eng-crime-q041;eng-crime-q042;eng-crime-q043;eng-crime-q044;eng-crime-q045","eng-crime-q046;eng-crime-q047;eng-crime-q048;eng-crime-q049","eng-crime-q050;eng-crime-q051","no","Covered","KO point is present in Learn and Mind Map; the listed section-aligned retrieval and quiz items collectively cover the point."
"ENG-CRIME-K059","knowledgeOrganiser","IMG_8848.jpeg — English Crime KO, page 2","writers-methods","method","factual or definitional","A first-person narrator tells the story from their own viewpoint using pronouns such as I, me and us.","Learn > Writers' Methods","Mind Map > Writers' Methods","eng-crime-f045;eng-crime-f046;eng-crime-f047;eng-crime-f048;eng-crime-f049;eng-crime-f050;eng-crime-f051;eng-crime-f052;eng-crime-f053;eng-crime-f054;eng-crime-f055","eng-crime-q041;eng-crime-q042;eng-crime-q043;eng-crime-q044;eng-crime-q045","eng-crime-q046;eng-crime-q047;eng-crime-q048;eng-crime-q049","eng-crime-q050;eng-crime-q051","no","Covered","KO point is present in Learn and Mind Map; the listed section-aligned retrieval and quiz items collectively cover the point."
"ENG-CRIME-K060","knowledgeOrganiser","IMG_8848.jpeg — English Crime KO, page 2","writers-methods","method","factual or definitional","A third-person omniscient narrator can reveal the thoughts and feelings of one or more characters.","Learn > Writers' Methods","Mind Map > Writers' Methods","eng-crime-f045;eng-crime-f046;eng-crime-f047;eng-crime-f048;eng-crime-f049;eng-crime-f050;eng-crime-f051;eng-crime-f052;eng-crime-f053;eng-crime-f054;eng-crime-f055","eng-crime-q041;eng-crime-q042;eng-crime-q043;eng-crime-q044;eng-crime-q045","eng-crime-q046;eng-crime-q047;eng-crime-q048;eng-crime-q049","eng-crime-q050;eng-crime-q051","no","Covered","KO point is present in Learn and Mind Map; the listed section-aligned retrieval and quiz items collectively cover the point."
"ENG-CRIME-K061","knowledgeOrganiser","IMG_8848.jpeg — English Crime KO, page 2","writers-methods","method","factual or definitional","A third-person objective narrator gives a more detached or limited view, looking thoughtfully at events.","Learn > Writers' Methods","Mind Map > Writers' Methods","eng-crime-f045;eng-crime-f046;eng-crime-f047;eng-crime-f048;eng-crime-f049;eng-crime-f050;eng-crime-f051;eng-crime-f052;eng-crime-f053;eng-crime-f054;eng-crime-f055","eng-crime-q041;eng-crime-q042;eng-crime-q043;eng-crime-q044;eng-crime-q045","eng-crime-q046;eng-crime-q047;eng-crime-q048;eng-crime-q049","eng-crime-q050;eng-crime-q051","no","Covered","KO point is present in Learn and Mind Map; the listed section-aligned retrieval and quiz items collectively cover the point."
"ENG-CRIME-K062","knowledgeOrganiser","IMG_8848.jpeg — English Crime KO, page 2","writers-methods","method","factual or definitional","An unreliable narrator cannot be fully trusted and may deceive the reader, withhold information or give contradictory information.","Learn > Writers' Methods","Mind Map > Writers' Methods","eng-crime-f045;eng-crime-f046;eng-crime-f047;eng-crime-f048;eng-crime-f049;eng-crime-f050;eng-crime-f051;eng-crime-f052;eng-crime-f053;eng-crime-f054;eng-crime-f055","eng-crime-q041;eng-crime-q042;eng-crime-q043;eng-crime-q044;eng-crime-q045","eng-crime-q046;eng-crime-q047;eng-crime-q048;eng-crime-q049","eng-crime-q050;eng-crime-q051","no","Covered","KO point is present in Learn and Mind Map; the listed section-aligned retrieval and quiz items collectively cover the point."
"ENG-CRIME-K063","knowledgeOrganiser","IMG_8848.jpeg — English Crime KO, page 2","writers-methods","method","factual or definitional","Characterisation can be created through a character's physical appearance.","Learn > Writers' Methods","Mind Map > Writers' Methods","eng-crime-f045;eng-crime-f046;eng-crime-f047;eng-crime-f048;eng-crime-f049;eng-crime-f050;eng-crime-f051;eng-crime-f052;eng-crime-f053;eng-crime-f054;eng-crime-f055","eng-crime-q041;eng-crime-q042;eng-crime-q043;eng-crime-q044;eng-crime-q045","eng-crime-q046;eng-crime-q047;eng-crime-q048;eng-crime-q049","eng-crime-q050;eng-crime-q051","no","Covered","KO point is present in Learn and Mind Map; the listed section-aligned retrieval and quiz items collectively cover the point."
"ENG-CRIME-K064","knowledgeOrganiser","IMG_8848.jpeg — English Crime KO, page 2","writers-methods","method","factual or definitional","Characterisation can be created through a character's actions and dialogue.","Learn > Writers' Methods","Mind Map > Writers' Methods","eng-crime-f045;eng-crime-f046;eng-crime-f047;eng-crime-f048;eng-crime-f049;eng-crime-f050;eng-crime-f051;eng-crime-f052;eng-crime-f053;eng-crime-f054;eng-crime-f055","eng-crime-q041;eng-crime-q042;eng-crime-q043;eng-crime-q044;eng-crime-q045","eng-crime-q046;eng-crime-q047;eng-crime-q048;eng-crime-q049","eng-crime-q050;eng-crime-q051","no","Covered","KO point is present in Learn and Mind Map; the listed section-aligned retrieval and quiz items collectively cover the point."
"ENG-CRIME-K065","knowledgeOrganiser","IMG_8848.jpeg — English Crime KO, page 2","writers-methods","method","factual or definitional","Characterisation can be created through a character's thoughts and feelings.","Learn > Writers' Methods","Mind Map > Writers' Methods","eng-crime-f045;eng-crime-f046;eng-crime-f047;eng-crime-f048;eng-crime-f049;eng-crime-f050;eng-crime-f051;eng-crime-f052;eng-crime-f053;eng-crime-f054;eng-crime-f055","eng-crime-q041;eng-crime-q042;eng-crime-q043;eng-crime-q044;eng-crime-q045","eng-crime-q046;eng-crime-q047;eng-crime-q048;eng-crime-q049","eng-crime-q050;eng-crime-q051","no","Covered","KO point is present in Learn and Mind Map; the listed section-aligned retrieval and quiz items collectively cover the point."
"ENG-CRIME-K066","knowledgeOrganiser","IMG_8848.jpeg — English Crime KO, page 2","writers-methods","method","factual or definitional","Characterisation can be created through a character's relationships.","Learn > Writers' Methods","Mind Map > Writers' Methods","eng-crime-f045;eng-crime-f046;eng-crime-f047;eng-crime-f048;eng-crime-f049;eng-crime-f050;eng-crime-f051;eng-crime-f052;eng-crime-f053;eng-crime-f054;eng-crime-f055","eng-crime-q041;eng-crime-q042;eng-crime-q043;eng-crime-q044;eng-crime-q045","eng-crime-q046;eng-crime-q047;eng-crime-q048;eng-crime-q049","eng-crime-q050;eng-crime-q051","no","Covered","KO point is present in Learn and Mind Map; the listed section-aligned retrieval and quiz items collectively cover the point."
"ENG-CRIME-K067","knowledgeOrganiser","IMG_8848.jpeg — English Crime KO, page 2","big-ideas","bigIdea","interpretive discussion grounded in KO","Crime writers may use a story to express concern about the state of society.","Learn > Big Ideas","Mind Map > Big Ideas","eng-crime-f056;eng-crime-f057;eng-crime-f058;eng-crime-f059;eng-crime-f060;eng-crime-f061","eng-crime-q052;eng-crime-q053","eng-crime-q054;eng-crime-q055;eng-crime-q056","eng-crime-q057;eng-crime-q058","no","Covered","KO point is present in Learn and Mind Map; the listed section-aligned retrieval and quiz items collectively cover the point."
"ENG-CRIME-K068","knowledgeOrganiser","IMG_8848.jpeg — English Crime KO, page 2","big-ideas","bigIdea","interpretive discussion grounded in KO","A crime story can question whether a crime can be solved, why people commit crime and whether victims deserve sympathy.","Learn > Big Ideas","Mind Map > Big Ideas","eng-crime-f056;eng-crime-f057;eng-crime-f058;eng-crime-f059;eng-crime-f060;eng-crime-f061","eng-crime-q052;eng-crime-q053","eng-crime-q054;eng-crime-q055;eng-crime-q056","eng-crime-q057;eng-crime-q058","no","Covered","KO point is present in Learn and Mind Map; the listed section-aligned retrieval and quiz items collectively cover the point."
"ENG-CRIME-K069","knowledgeOrganiser","IMG_8848.jpeg — English Crime KO, page 2","big-ideas","bigIdea","interpretive discussion grounded in KO","Crime fiction can explore what justice means.","Learn > Big Ideas","Mind Map > Big Ideas","eng-crime-f056;eng-crime-f057;eng-crime-f058;eng-crime-f059;eng-crime-f060;eng-crime-f061","eng-crime-q052;eng-crime-q053","eng-crime-q054;eng-crime-q055;eng-crime-q056","eng-crime-q057;eng-crime-q058","no","Covered","KO point is present in Learn and Mind Map; the listed section-aligned retrieval and quiz items collectively cover the point."
"ENG-CRIME-K070","knowledgeOrganiser","IMG_8848.jpeg — English Crime KO, page 2","big-ideas","bigIdea","interpretive discussion grounded in KO","A story may ask whether a punishment fits the crime that was committed.","Learn > Big Ideas","Mind Map > Big Ideas","eng-crime-f056;eng-crime-f057;eng-crime-f058;eng-crime-f059;eng-crime-f060;eng-crime-f061","eng-crime-q052;eng-crime-q053","eng-crime-q054;eng-crime-q055;eng-crime-q056","eng-crime-q057;eng-crime-q058","no","Covered","KO point is present in Learn and Mind Map; the listed section-aligned retrieval and quiz items collectively cover the point."
"ENG-CRIME-K071","knowledgeOrganiser","IMG_8848.jpeg — English Crime KO, page 2","big-ideas","bigIdea","interpretive discussion grounded in KO","Writers can use guilt, or the absence of guilt, to shape criminal characters.","Learn > Big Ideas","Mind Map > Big Ideas","eng-crime-f056;eng-crime-f057;eng-crime-f058;eng-crime-f059;eng-crime-f060;eng-crime-f061","eng-crime-q052;eng-crime-q053","eng-crime-q054;eng-crime-q055;eng-crime-q056","eng-crime-q057;eng-crime-q058","no","Covered","KO point is present in Learn and Mind Map; the listed section-aligned retrieval and quiz items collectively cover the point."
"ENG-CRIME-K072","knowledgeOrganiser","IMG_8848.jpeg — English Crime KO, page 2","big-ideas","bigIdea","interpretive discussion grounded in KO","A criminal's lack of remorse may make the character more hateful to a reader.","Learn > Big Ideas","Mind Map > Big Ideas","eng-crime-f056;eng-crime-f057;eng-crime-f058;eng-crime-f059;eng-crime-f060;eng-crime-f061","eng-crime-q052;eng-crime-q053","eng-crime-q054;eng-crime-q055;eng-crime-q056","eng-crime-q057;eng-crime-q058","no","Covered","KO point is present in Learn and Mind Map; the listed section-aligned retrieval and quiz items collectively cover the point."
"ENG-CRIME-K073","knowledgeOrganiser","IMG_8848.jpeg — English Crime KO, page 2","big-ideas","bigIdea","interpretive discussion grounded in KO","Crime writing can explore moral values and what people consider right or wrong.","Learn > Big Ideas","Mind Map > Big Ideas","eng-crime-f056;eng-crime-f057;eng-crime-f058;eng-crime-f059;eng-crime-f060;eng-crime-f061","eng-crime-q052;eng-crime-q053","eng-crime-q054;eng-crime-q055;eng-crime-q056","eng-crime-q057;eng-crime-q058","no","Covered","KO point is present in Learn and Mind Map; the listed section-aligned retrieval and quiz items collectively cover the point."
"ENG-CRIME-K074","knowledgeOrganiser","IMG_8848.jpeg — English Crime KO, page 2","big-ideas","bigIdea","interpretive discussion grounded in KO","A story may question whether small crimes are acceptable or whether any crime can be justified.","Learn > Big Ideas","Mind Map > Big Ideas","eng-crime-f056;eng-crime-f057;eng-crime-f058;eng-crime-f059;eng-crime-f060;eng-crime-f061","eng-crime-q052;eng-crime-q053","eng-crime-q054;eng-crime-q055;eng-crime-q056","eng-crime-q057;eng-crime-q058","no","Covered","KO point is present in Learn and Mind Map; the listed section-aligned retrieval and quiz items collectively cover the point."
