"Section","Knowledge point / skill","Knowledge point type","Learn content","Mind Map branch","Flashcard ID","Quiz question ID","Quiz question type","Source type","Source reference","Teacher original question ID","Coverage status","Notes"
"Periodic Table Structure and Organisation","The Periodic Table displays the names and symbols of the elements we have discovered.","Fact","The Periodic Table displays the names and symbols of the elements we have discovered.","Periodic Table Structure and Organisation","y8sci-periodic-structure-fact-1","periodic-q001; periodic-q002; periodic-q003; periodic-q004; periodic-q029; periodic-q030; periodic-q031; periodic-q061; periodic-q062; periodic-q073; periodic-q075","multiple-choice; short-answer; classification; matching; fill-in-the-blank","knowledgeOrganiser","C2 Chapter 1: The Periodic Table Knowledge Organiser (user-supplied image; registered on the site as Year 8 Science Chapter 3): overview, groups, periods, states and metal/non-metal dividing line","","Covered","Included in Learn, Mind Map, a dedicated flashcard and the listed generated quiz coverage set."
"Periodic Table Structure and Organisation","Elements are organised by their chemical properties and physical properties.","Fact","Elements are organised by their chemical properties and physical properties.","Periodic Table Structure and Organisation","y8sci-periodic-structure-fact-2","periodic-q001; periodic-q002; periodic-q003; periodic-q004; periodic-q029; periodic-q030; periodic-q031; periodic-q061; periodic-q062; periodic-q073; periodic-q075","multiple-choice; short-answer; classification; matching; fill-in-the-blank","knowledgeOrganiser","C2 Chapter 1: The Periodic Table Knowledge Organiser (user-supplied image; registered on the site as Year 8 Science Chapter 3): overview, groups, periods, states and metal/non-metal dividing line","","Covered","Included in Learn, Mind Map, a dedicated flashcard and the listed generated quiz coverage set."
"Periodic Table Structure and Organisation","Columns in the Periodic Table are called groups.","Fact","Columns in the Periodic Table are called groups.","Periodic Table Structure and Organisation","y8sci-periodic-structure-fact-3","periodic-q001; periodic-q002; periodic-q003; periodic-q004; periodic-q029; periodic-q030; periodic-q031; periodic-q061; periodic-q062; periodic-q073; periodic-q075","multiple-choice; short-answer; classification; matching; fill-in-the-blank","knowledgeOrganiser","C2 Chapter 1: The Periodic Table Knowledge Organiser (user-supplied image; registered on the site as Year 8 Science Chapter 3): overview, groups, periods, states and metal/non-metal dividing line","","Covered","Included in Learn, Mind Map, a dedicated flashcard and the listed generated quiz coverage set."
"Periodic Table Structure and Organisation","Rows in the Periodic Table are called periods.","Fact","Rows in the Periodic Table are called periods.","Periodic Table Structure and Organisation","y8sci-periodic-structure-fact-4","periodic-q001; periodic-q002; periodic-q003; periodic-q004; periodic-q029; periodic-q030; periodic-q031; periodic-q061; periodic-q062; periodic-q073; periodic-q075","multiple-choice; short-answer; classification; matching; fill-in-the-blank","knowledgeOrganiser","C2 Chapter 1: The Periodic Table Knowledge Organiser (user-supplied image; registered on the site as Year 8 Science Chapter 3): overview, groups, periods, states and metal/non-metal dividing line","","Covered","Included in Learn, Mind Map, a dedicated flashcard and the listed generated quiz coverage set."
"Periodic Table Structure and Organisation","Elements in a group normally have similar properties.","Fact","Elements in a group normally have similar properties.","Periodic Table Structure and Organisation","y8sci-periodic-structure-fact-5","periodic-q001; periodic-q002; periodic-q003; periodic-q004; periodic-q029; periodic-q030; periodic-q031; periodic-q061; periodic-q062; periodic-q073; periodic-q075","multiple-choice; short-answer; classification; matching; fill-in-the-blank","knowledgeOrganiser","C2 Chapter 1: The Periodic Table Knowledge Organiser (user-supplied image; registered on the site as Year 8 Science Chapter 3): overview, groups, periods, states and metal/non-metal dividing line","","Covered","Included in Learn, Mind Map, a dedicated flashcard and the listed generated quiz coverage set."
"Periodic Table Structure and Organisation","Chemists can predict an element's properties from its group.","Fact","Chemists can predict an element's properties from its group.","Periodic Table Structure and Organisation","y8sci-periodic-structure-fact-6","periodic-q001; periodic-q002; periodic-q003; periodic-q004; periodic-q029; periodic-q030; periodic-q031; periodic-q061; periodic-q062; periodic-q073; periodic-q075","multiple-choice; short-answer; classification; matching; fill-in-the-blank","knowledgeOrganiser","C2 Chapter 1: The Periodic Table Knowledge Organiser (user-supplied image; registered on the site as Year 8 Science Chapter 3): overview, groups, periods, states and metal/non-metal dividing line","","Covered","Included in Learn, Mind Map, a dedicated flashcard and the listed generated quiz coverage set."
"Periodic Table Structure and Organisation","Metals are shown to the left of the red dividing line on the supplied table.","Fact","Metals are shown to the left of the red dividing line on the supplied table.","Periodic Table Structure and Organisation","y8sci-periodic-structure-fact-7","periodic-q001; periodic-q002; periodic-q003; periodic-q004; periodic-q029; periodic-q030; periodic-q031; periodic-q061; periodic-q062; periodic-q073; periodic-q075","multiple-choice; short-answer; classification; matching; fill-in-the-blank","knowledgeOrganiser","C2 Chapter 1: The Periodic Table Knowledge Organiser (user-supplied image; registered on the site as Year 8 Science Chapter 3): overview, groups, periods, states and metal/non-metal dividing line","","Covered","Included in Learn, Mind Map, a dedicated flashcard and the listed generated quiz coverage set."
"Periodic Table Structure and Organisation","Non-metals are shown to the right of the red dividing line on the supplied table.","Fact","Non-metals are shown to the right of the red dividing line on the supplied table.","Periodic Table Structure and Organisation","y8sci-periodic-structure-fact-8","periodic-q001; periodic-q002; periodic-q003; periodic-q004; periodic-q029; periodic-q030; periodic-q031; periodic-q061; periodic-q062; periodic-q073; periodic-q075","multiple-choice; short-answer; classification; matching; fill-in-the-blank","knowledgeOrganiser","C2 Chapter 1: The Periodic Table Knowledge Organiser (user-supplied image; registered on the site as Year 8 Science Chapter 3): overview, groups, periods, states and metal/non-metal dividing line","","Covered","Included in Learn, Mind Map, a dedicated flashcard and the listed generated quiz coverage set."
"Periodic Table Structure and Organisation","The supplied key identifies elements that are solids at room temperature.","Fact","The supplied key identifies elements that are solids at room temperature.","Periodic Table Structure and Organisation","y8sci-periodic-structure-fact-9","periodic-q001; periodic-q002; periodic-q003; periodic-q004; periodic-q029; periodic-q030; periodic-q031; periodic-q061; periodic-q062; periodic-q073; periodic-q075","multiple-choice; short-answer; classification; matching; fill-in-the-blank","knowledgeOrganiser","C2 Chapter 1: The Periodic Table Knowledge Organiser (user-supplied image; registered on the site as Year 8 Science Chapter 3): overview, groups, periods, states and metal/non-metal dividing line","","Covered","Included in Learn, Mind Map, a dedicated flashcard and the listed generated quiz coverage set."
"Periodic Table Structure and Organisation","The supplied key identifies elements that are liquids at room temperature.","Fact","The supplied key identifies elements that are liquids at room temperature.","Periodic Table Structure and Organisation","y8sci-periodic-structure-fact-10","periodic-q001; periodic-q002; periodic-q003; periodic-q004; periodic-q029; periodic-q030; periodic-q031; periodic-q061; periodic-q062; periodic-q073; periodic-q075","multiple-choice; short-answer; classification; matching; fill-in-the-blank","knowledgeOrganiser","C2 Chapter 1: The Periodic Table Knowledge Organiser (user-supplied image; registered on the site as Year 8 Science Chapter 3): overview, groups, periods, states and metal/non-metal dividing line","","Covered","Included in Learn, Mind Map, a dedicated flashcard and the listed generated quiz coverage set."
"Periodic Table Structure and Organisation","The supplied key identifies elements that are gases at room temperature.","Fact","The supplied key identifies elements that are gases at room temperature.","Periodic Table Structure and Organisation","y8sci-periodic-structure-fact-11","periodic-q001; periodic-q002; periodic-q003; periodic-q004; periodic-q029; periodic-q030; periodic-q031; periodic-q061; periodic-q062; periodic-q073; periodic-q075","multiple-choice; short-answer; classification; matching; fill-in-the-blank","knowledgeOrganiser","C2 Chapter 1: The Periodic Table Knowledge Organiser (user-supplied image; registered on the site as Year 8 Science Chapter 3): overview, groups, periods, states and metal/non-metal dividing line","","Covered","Included in Learn, Mind Map, a dedicated flashcard and the listed generated quiz coverage set."
"Periodic Table Structure and Organisation","The supplied version of the Periodic Table does not include every discovered element.","Fact","The supplied version of the Periodic Table does not include every discovered element.","Periodic Table Structure and Organisation","y8sci-periodic-structure-fact-12","periodic-q001; periodic-q002; periodic-q003; periodic-q004; periodic-q029; periodic-q030; periodic-q031; periodic-q061; periodic-q062; periodic-q073; periodic-q075","multiple-choice; short-answer; classification; matching; fill-in-the-blank","knowledgeOrganiser","C2 Chapter 1: The Periodic Table Knowledge Organiser (user-supplied image; registered on the site as Year 8 Science Chapter 3): overview, groups, periods, states and metal/non-metal dividing line","","Covered","Included in Learn, Mind Map, a dedicated flashcard and the listed generated quiz coverage set."
"Periodic Table Structure and Organisation","element","Vocabulary","element","Periodic Table Structure and Organisation","y8sci-periodic-structure-term-1","periodic-q001; periodic-q002; periodic-q003; periodic-q004; periodic-q029; periodic-q030; periodic-q031; periodic-q061; periodic-q062; periodic-q073; periodic-q075","multiple-choice; short-answer; classification; matching; fill-in-the-blank","knowledgeOrganiser","C2 Chapter 1: The Periodic Table Knowledge Organiser (user-supplied image; registered on the site as Year 8 Science Chapter 3): overview, groups, periods, states and metal/non-metal dividing line","","Covered","The definition appears on its dedicated flashcard; meaning or usage is tested by the listed generated quiz coverage set."
"Periodic Table Structure and Organisation","group","Vocabulary","group","Periodic Table Structure and Organisation","y8sci-periodic-structure-term-2","periodic-q001; periodic-q002; periodic-q003; periodic-q004; periodic-q029; periodic-q030; periodic-q031; periodic-q061; periodic-q062; periodic-q073; periodic-q075","multiple-choice; short-answer; classification; matching; fill-in-the-blank","knowledgeOrganiser","C2 Chapter 1: The Periodic Table Knowledge Organiser (user-supplied image; registered on the site as Year 8 Science Chapter 3): overview, groups, periods, states and metal/non-metal dividing line","","Covered","The definition appears on its dedicated flashcard; meaning or usage is tested by the listed generated quiz coverage set."
"Periodic Table Structure and Organisation","period","Vocabulary","period","Periodic Table Structure and Organisation","y8sci-periodic-structure-term-3","periodic-q001; periodic-q002; periodic-q003; periodic-q004; periodic-q029; periodic-q030; periodic-q031; periodic-q061; periodic-q062; periodic-q073; periodic-q075","multiple-choice; short-answer; classification; matching; fill-in-the-blank","knowledgeOrganiser","C2 Chapter 1: The Periodic Table Knowledge Organiser (user-supplied image; registered on the site as Year 8 Science Chapter 3): overview, groups, periods, states and metal/non-metal dividing line","","Covered","The definition appears on its dedicated flashcard; meaning or usage is tested by the listed generated quiz coverage set."
"Periodic Table Structure and Organisation","Periodic Table","Vocabulary","Periodic Table","Periodic Table Structure and Organisation","y8sci-periodic-structure-term-4","periodic-q001; periodic-q002; periodic-q003; periodic-q004; periodic-q029; periodic-q030; periodic-q031; periodic-q061; periodic-q062; periodic-q073; periodic-q075","multiple-choice; short-answer; classification; matching; fill-in-the-blank","knowledgeOrganiser","C2 Chapter 1: The Periodic Table Knowledge Organiser (user-supplied image; registered on the site as Year 8 Science Chapter 3): overview, groups, periods, states and metal/non-metal dividing line","","Covered","The definition appears on its dedicated flashcard; meaning or usage is tested by the listed generated quiz coverage set."
"Element Names, Symbols and States","Hydrogen has the symbol H and is shown as a gas at room temperature.","Fact","Hydrogen has the symbol H and is shown as a gas at room temperature.","Element Names, Symbols and States","y8sci-periodic-elements-fact-1","periodic-q005; periodic-q006; periodic-q007; periodic-q008; periodic-q032; periodic-q033; periodic-q058; periodic-q059; periodic-q060; periodic-q061; periodic-q062","multiple-choice; short-answer; matching; classification","knowledgeOrganiser","C2 Chapter 1: The Periodic Table Knowledge Organiser (user-supplied image; registered on the site as Year 8 Science Chapter 3): displayed Periodic Table and room-temperature state key","","Covered","Included in Learn, Mind Map, a dedicated flashcard and the listed generated quiz coverage set."
"Element Names, Symbols and States","Helium has the symbol He and is shown as a gas at room temperature.","Fact","Helium has the symbol He and is shown as a gas at room temperature.","Element Names, Symbols and States","y8sci-periodic-elements-fact-2","periodic-q005; periodic-q006; periodic-q007; periodic-q008; periodic-q032; periodic-q033; periodic-q058; periodic-q059; periodic-q060; periodic-q061; periodic-q062","multiple-choice; short-answer; matching; classification","knowledgeOrganiser","C2 Chapter 1: The Periodic Table Knowledge Organiser (user-supplied image; registered on the site as Year 8 Science Chapter 3): displayed Periodic Table and room-temperature state key","","Covered","Included in Learn, Mind Map, a dedicated flashcard and the listed generated quiz coverage set."
"Element Names, Symbols and States","Lithium has the symbol Li and is shown as a solid at room temperature.","Fact","Lithium has the symbol Li and is shown as a solid at room temperature.","Element Names, Symbols and States","y8sci-periodic-elements-fact-3","periodic-q005; periodic-q006; periodic-q007; periodic-q008; periodic-q032; periodic-q033; periodic-q058; periodic-q059; periodic-q060; periodic-q061; periodic-q062","multiple-choice; short-answer; matching; classification","knowledgeOrganiser","C2 Chapter 1: The Periodic Table Knowledge Organiser (user-supplied image; registered on the site as Year 8 Science Chapter 3): displayed Periodic Table and room-temperature state key","","Covered","Included in Learn, Mind Map, a dedicated flashcard and the listed generated quiz coverage set."
"Element Names, Symbols and States","Carbon has the symbol C and is shown as a solid at room temperature.","Fact","Carbon has the symbol C and is shown as a solid at room temperature.","Element Names, Symbols and States","y8sci-periodic-elements-fact-4","periodic-q005; periodic-q006; periodic-q007; periodic-q008; periodic-q032; periodic-q033; periodic-q058; periodic-q059; periodic-q060; periodic-q061; periodic-q062","multiple-choice; short-answer; matching; classification","knowledgeOrganiser","C2 Chapter 1: The Periodic Table Knowledge Organiser (user-supplied image; registered on the site as Year 8 Science Chapter 3): displayed Periodic Table and room-temperature state key","","Covered","Included in Learn, Mind Map, a dedicated flashcard and the listed generated quiz coverage set."
"Element Names, Symbols and States","Nitrogen has the symbol N and is shown as a gas at room temperature.","Fact","Nitrogen has the symbol N and is shown as a gas at room temperature.","Element Names, Symbols and States","y8sci-periodic-elements-fact-5","periodic-q005; periodic-q006; periodic-q007; periodic-q008; periodic-q032; periodic-q033; periodic-q058; periodic-q059; periodic-q060; periodic-q061; periodic-q062","multiple-choice; short-answer; matching; classification","knowledgeOrganiser","C2 Chapter 1: The Periodic Table Knowledge Organiser (user-supplied image; registered on the site as Year 8 Science Chapter 3): displayed Periodic Table and room-temperature state key","","Covered","Included in Learn, Mind Map, a dedicated flashcard and the listed generated quiz coverage set."
"Element Names, Symbols and States","Oxygen has the symbol O and is shown as a gas at room temperature.","Fact","Oxygen has the symbol O and is shown as a gas at room temperature.","Element Names, Symbols and States","y8sci-periodic-elements-fact-6","periodic-q005; periodic-q006; periodic-q007; periodic-q008; periodic-q032; periodic-q033; periodic-q058; periodic-q059; periodic-q060; periodic-q061; periodic-q062","multiple-choice; short-answer; matching; classification","knowledgeOrganiser","C2 Chapter 1: The Periodic Table Knowledge Organiser (user-supplied image; registered on the site as Year 8 Science Chapter 3): displayed Periodic Table and room-temperature state key","","Covered","Included in Learn, Mind Map, a dedicated flashcard and the listed generated quiz coverage set."
"Element Names, Symbols and States","Fluorine has the symbol F and is shown as a gas at room temperature.","Fact","Fluorine has the symbol F and is shown as a gas at room temperature.","Element Names, Symbols and States","y8sci-periodic-elements-fact-7","periodic-q005; periodic-q006; periodic-q007; periodic-q008; periodic-q032; periodic-q033; periodic-q058; periodic-q059; periodic-q060; periodic-q061; periodic-q062","multiple-choice; short-answer; matching; classification","knowledgeOrganiser","C2 Chapter 1: The Periodic Table Knowledge Organiser (user-supplied image; registered on the site as Year 8 Science Chapter 3): displayed Periodic Table and room-temperature state key","","Covered","Included in Learn, Mind Map, a dedicated flashcard and the listed generated quiz coverage set."
"Element Names, Symbols and States","Neon has the symbol Ne and is shown as a gas at room temperature.","Fact","Neon has the symbol Ne and is shown as a gas at room temperature.","Element Names, Symbols and States","y8sci-periodic-elements-fact-8","periodic-q005; periodic-q006; periodic-q007; periodic-q008; periodic-q032; periodic-q033; periodic-q058; periodic-q059; periodic-q060; periodic-q061; periodic-q062","multiple-choice; short-answer; matching; classification","knowledgeOrganiser","C2 Chapter 1: The Periodic Table Knowledge Organiser (user-supplied image; registered on the site as Year 8 Science Chapter 3): displayed Periodic Table and room-temperature state key","","Covered","Included in Learn, Mind Map, a dedicated flashcard and the listed generated quiz coverage set."
"Element Names, Symbols and States","Sodium has the symbol Na and is shown as a solid at room temperature.","Fact","Sodium has the symbol Na and is shown as a solid at room temperature.","Element Names, Symbols and States","y8sci-periodic-elements-fact-9","periodic-q005; periodic-q006; periodic-q007; periodic-q008; periodic-q032; periodic-q033; periodic-q058; periodic-q059; periodic-q060; periodic-q061; periodic-q062","multiple-choice; short-answer; matching; classification","knowledgeOrganiser","C2 Chapter 1: The Periodic Table Knowledge Organiser (user-supplied image; registered on the site as Year 8 Science Chapter 3): displayed Periodic Table and room-temperature state key","","Covered","Included in Learn, Mind Map, a dedicated flashcard and the listed generated quiz coverage set."
"Element Names, Symbols and States","Magnesium has the symbol Mg and is shown as a solid at room temperature.","Fact","Magnesium has the symbol Mg and is shown as a solid at room temperature.","Element Names, Symbols and States","y8sci-periodic-elements-fact-10","periodic-q005; periodic-q006; periodic-q007; periodic-q008; periodic-q032; periodic-q033; periodic-q058; periodic-q059; periodic-q060; periodic-q061; periodic-q062","multiple-choice; short-answer; matching; classification","knowledgeOrganiser","C2 Chapter 1: The Periodic Table Knowledge Organiser (user-supplied image; registered on the site as Year 8 Science Chapter 3): displayed Periodic Table and room-temperature state key","","Covered","Included in Learn, Mind Map, a dedicated flashcard and the listed generated quiz coverage set."
"Element Names, Symbols and States","Aluminium has the symbol Al and is shown as a solid at room temperature.","Fact","Aluminium has the symbol Al and is shown as a solid at room temperature.","Element Names, Symbols and States","y8sci-periodic-elements-fact-11","periodic-q005; periodic-q006; periodic-q007; periodic-q008; periodic-q032; periodic-q033; periodic-q058; periodic-q059; periodic-q060; periodic-q061; periodic-q062","multiple-choice; short-answer; matching; classification","knowledgeOrganiser","C2 Chapter 1: The Periodic Table Knowledge Organiser (user-supplied image; registered on the site as Year 8 Science Chapter 3): displayed Periodic Table and room-temperature state key","","Covered","Included in Learn, Mind Map, a dedicated flashcard and the listed generated quiz coverage set."
"Element Names, Symbols and States","Chlorine has the symbol Cl and is shown as a gas at room temperature.","Fact","Chlorine has the symbol Cl and is shown as a gas at room temperature.","Element Names, Symbols and States","y8sci-periodic-elements-fact-12","periodic-q005; periodic-q006; periodic-q007; periodic-q008; periodic-q032; periodic-q033; periodic-q058; periodic-q059; periodic-q060; periodic-q061; periodic-q062","multiple-choice; short-answer; matching; classification","knowledgeOrganiser","C2 Chapter 1: The Periodic Table Knowledge Organiser (user-supplied image; registered on the site as Year 8 Science Chapter 3): displayed Periodic Table and room-temperature state key","","Covered","Included in Learn, Mind Map, a dedicated flashcard and the listed generated quiz coverage set."
"Element Names, Symbols and States","Argon has the symbol Ar and is shown as a gas at room temperature.","Fact","Argon has the symbol Ar and is shown as a gas at room temperature.","Element Names, Symbols and States","y8sci-periodic-elements-fact-13","periodic-q005; periodic-q006; periodic-q007; periodic-q008; periodic-q032; periodic-q033; periodic-q058; periodic-q059; periodic-q060; periodic-q061; periodic-q062","multiple-choice; short-answer; matching; classification","knowledgeOrganiser","C2 Chapter 1: The Periodic Table Knowledge Organiser (user-supplied image; registered on the site as Year 8 Science Chapter 3): displayed Periodic Table and room-temperature state key","","Covered","Included in Learn, Mind Map, a dedicated flashcard and the listed generated quiz coverage set."
"Element Names, Symbols and States","Potassium has the symbol K and is shown as a solid at room temperature.","Fact","Potassium has the symbol K and is shown as a solid at room temperature.","Element Names, Symbols and States","y8sci-periodic-elements-fact-14","periodic-q005; periodic-q006; periodic-q007; periodic-q008; periodic-q032; periodic-q033; periodic-q058; periodic-q059; periodic-q060; periodic-q061; periodic-q062","multiple-choice; short-answer; matching; classification","knowledgeOrganiser","C2 Chapter 1: The Periodic Table Knowledge Organiser (user-supplied image; registered on the site as Year 8 Science Chapter 3): displayed Periodic Table and room-temperature state key","","Covered","Included in Learn, Mind Map, a dedicated flashcard and the listed generated quiz coverage set."
"Element Names, Symbols and States","Calcium has the symbol Ca and is shown as a solid at room temperature.","Fact","Calcium has the symbol Ca and is shown as a solid at room temperature.","Element Names, Symbols and States","y8sci-periodic-elements-fact-15","periodic-q005; periodic-q006; periodic-q007; periodic-q008; periodic-q032; periodic-q033; periodic-q058; periodic-q059; periodic-q060; periodic-q061; periodic-q062","multiple-choice; short-answer; matching; classification","knowledgeOrganiser","C2 Chapter 1: The Periodic Table Knowledge Organiser (user-supplied image; registered on the site as Year 8 Science Chapter 3): displayed Periodic Table and room-temperature state key","","Covered","Included in Learn, Mind Map, a dedicated flashcard and the listed generated quiz coverage set."
"Element Names, Symbols and States","Iron has the symbol Fe and is shown as a solid at room temperature.","Fact","Iron has the symbol Fe and is shown as a solid at room temperature.","Element Names, Symbols and States","y8sci-periodic-elements-fact-16","periodic-q005; periodic-q006; periodic-q007; periodic-q008; periodic-q032; periodic-q033; periodic-q058; periodic-q059; periodic-q060; periodic-q061; periodic-q062","multiple-choice; short-answer; matching; classification","knowledgeOrganiser","C2 Chapter 1: The Periodic Table Knowledge Organiser (user-supplied image; registered on the site as Year 8 Science Chapter 3): displayed Periodic Table and room-temperature state key","","Covered","Included in Learn, Mind Map, a dedicated flashcard and the listed generated quiz coverage set."
"Element Names, Symbols and States","Copper has the symbol Cu and is shown as a solid at room temperature.","Fact","Copper has the symbol Cu and is shown as a solid at room temperature.","Element Names, Symbols and States","y8sci-periodic-elements-fact-17","periodic-q005; periodic-q006; periodic-q007; periodic-q008; periodic-q032; periodic-q033; periodic-q058; periodic-q059; periodic-q060; periodic-q061; periodic-q062","multiple-choice; short-answer; matching; classification","knowledgeOrganiser","C2 Chapter 1: The Periodic Table Knowledge Organiser (user-supplied image; registered on the site as Year 8 Science Chapter 3): displayed Periodic Table and room-temperature state key","","Covered","Included in Learn, Mind Map, a dedicated flashcard and the listed generated quiz coverage set."
"Element Names, Symbols and States","Bromine has the symbol Br and is shown as a liquid at room temperature.","Fact","Bromine has the symbol Br and is shown as a liquid at room temperature.","Element Names, Symbols and States","y8sci-periodic-elements-fact-18","periodic-q005; periodic-q006; periodic-q007; periodic-q008; periodic-q032; periodic-q033; periodic-q058; periodic-q059; periodic-q060; periodic-q061; periodic-q062","multiple-choice; short-answer; matching; classification","knowledgeOrganiser","C2 Chapter 1: The Periodic Table Knowledge Organiser (user-supplied image; registered on the site as Year 8 Science Chapter 3): displayed Periodic Table and room-temperature state key","","Covered","Included in Learn, Mind Map, a dedicated flashcard and the listed generated quiz coverage set."
"Element Names, Symbols and States","Iodine has the symbol I and is shown as a solid at room temperature.","Fact","Iodine has the symbol I and is shown as a solid at room temperature.","Element Names, Symbols and States","y8sci-periodic-elements-fact-19","periodic-q005; periodic-q006; periodic-q007; periodic-q008; periodic-q032; periodic-q033; periodic-q058; periodic-q059; periodic-q060; periodic-q061; periodic-q062","multiple-choice; short-answer; matching; classification","knowledgeOrganiser","C2 Chapter 1: The Periodic Table Knowledge Organiser (user-supplied image; registered on the site as Year 8 Science Chapter 3): displayed Periodic Table and room-temperature state key","","Covered","Included in Learn, Mind Map, a dedicated flashcard and the listed generated quiz coverage set."
"Element Names, Symbols and States","Mercury has the symbol Hg and is shown as a liquid at room temperature.","Fact","Mercury has the symbol Hg and is shown as a liquid at room temperature.","Element Names, Symbols and States","y8sci-periodic-elements-fact-20","periodic-q005; periodic-q006; periodic-q007; periodic-q008; periodic-q032; periodic-q033; periodic-q058; periodic-q059; periodic-q060; periodic-q061; periodic-q062","multiple-choice; short-answer; matching; classification","knowledgeOrganiser","C2 Chapter 1: The Periodic Table Knowledge Organiser (user-supplied image; registered on the site as Year 8 Science Chapter 3): displayed Periodic Table and room-temperature state key","","Covered","Included in Learn, Mind Map, a dedicated flashcard and the listed generated quiz coverage set."
"Physical and Chemical Properties","Physical properties describe how a substance behaves generally.","Fact","Physical properties describe how a substance behaves generally.","Physical and Chemical Properties","y8sci-periodic-properties-fact-1","periodic-q009; periodic-q010; periodic-q011; periodic-q012; periodic-q034; periodic-q035; periodic-q036; periodic-q053; periodic-q074; periodic-q076; periodic-q081","multiple-choice; short-answer; long-answer; matching; fill-in-the-blank; classification","knowledgeOrganiser","C2 Chapter 1: The Periodic Table Knowledge Organiser (user-supplied image; registered on the site as Year 8 Science Chapter 3): Physical properties and Chemical properties","","Covered","Included in Learn, Mind Map, a dedicated flashcard and the listed generated quiz coverage set."
"Physical and Chemical Properties","Electrical conductivity is a physical property.","Fact","Electrical conductivity is a physical property.","Physical and Chemical Properties","y8sci-periodic-properties-fact-2","periodic-q009; periodic-q010; periodic-q011; periodic-q012; periodic-q034; periodic-q035; periodic-q036; periodic-q053; periodic-q074; periodic-q076; periodic-q081","multiple-choice; short-answer; long-answer; matching; fill-in-the-blank; classification","knowledgeOrganiser","C2 Chapter 1: The Periodic Table Knowledge Organiser (user-supplied image; registered on the site as Year 8 Science Chapter 3): Physical properties and Chemical properties","","Covered","Included in Learn, Mind Map, a dedicated flashcard and the listed generated quiz coverage set."
"Physical and Chemical Properties","Density is a physical property.","Fact","Density is a physical property.","Physical and Chemical Properties","y8sci-periodic-properties-fact-3","periodic-q009; periodic-q010; periodic-q011; periodic-q012; periodic-q034; periodic-q035; periodic-q036; periodic-q053; periodic-q074; periodic-q076; periodic-q081","multiple-choice; short-answer; long-answer; matching; fill-in-the-blank; classification","knowledgeOrganiser","C2 Chapter 1: The Periodic Table Knowledge Organiser (user-supplied image; registered on the site as Year 8 Science Chapter 3): Physical properties and Chemical properties","","Covered","Included in Learn, Mind Map, a dedicated flashcard and the listed generated quiz coverage set."
"Physical and Chemical Properties","Thermal conductivity is a physical property.","Fact","Thermal conductivity is a physical property.","Physical and Chemical Properties","y8sci-periodic-properties-fact-4","periodic-q009; periodic-q010; periodic-q011; periodic-q012; periodic-q034; periodic-q035; periodic-q036; periodic-q053; periodic-q074; periodic-q076; periodic-q081","multiple-choice; short-answer; long-answer; matching; fill-in-the-blank; classification","knowledgeOrganiser","C2 Chapter 1: The Periodic Table Knowledge Organiser (user-supplied image; registered on the site as Year 8 Science Chapter 3): Physical properties and Chemical properties","","Covered","Included in Learn, Mind Map, a dedicated flashcard and the listed generated quiz coverage set."
"Physical and Chemical Properties","Shininess is a physical property.","Fact","Shininess is a physical property.","Physical and Chemical Properties","y8sci-periodic-properties-fact-5","periodic-q009; periodic-q010; periodic-q011; periodic-q012; periodic-q034; periodic-q035; periodic-q036; periodic-q053; periodic-q074; periodic-q076; periodic-q081","multiple-choice; short-answer; long-answer; matching; fill-in-the-blank; classification","knowledgeOrganiser","C2 Chapter 1: The Periodic Table Knowledge Organiser (user-supplied image; registered on the site as Year 8 Science Chapter 3): Physical properties and Chemical properties","","Covered","Included in Learn, Mind Map, a dedicated flashcard and the listed generated quiz coverage set."
"Physical and Chemical Properties","Malleability is a physical property.","Fact","Malleability is a physical property.","Physical and Chemical Properties","y8sci-periodic-properties-fact-6","periodic-q009; periodic-q010; periodic-q011; periodic-q012; periodic-q034; periodic-q035; periodic-q036; periodic-q053; periodic-q074; periodic-q076; periodic-q081","multiple-choice; short-answer; long-answer; matching; fill-in-the-blank; classification","knowledgeOrganiser","C2 Chapter 1: The Periodic Table Knowledge Organiser (user-supplied image; registered on the site as Year 8 Science Chapter 3): Physical properties and Chemical properties","","Covered","Included in Learn, Mind Map, a dedicated flashcard and the listed generated quiz coverage set."
"Physical and Chemical Properties","Sonorousness is a physical property.","Fact","Sonorousness is a physical property.","Physical and Chemical Properties","y8sci-periodic-properties-fact-7","periodic-q009; periodic-q010; periodic-q011; periodic-q012; periodic-q034; periodic-q035; periodic-q036; periodic-q053; periodic-q074; periodic-q076; periodic-q081","multiple-choice; short-answer; long-answer; matching; fill-in-the-blank; classification","knowledgeOrganiser","C2 Chapter 1: The Periodic Table Knowledge Organiser (user-supplied image; registered on the site as Year 8 Science Chapter 3): Physical properties and Chemical properties","","Covered","Included in Learn, Mind Map, a dedicated flashcard and the listed generated quiz coverage set."
"Physical and Chemical Properties","Melting point is a physical property.","Fact","Melting point is a physical property.","Physical and Chemical Properties","y8sci-periodic-properties-fact-8","periodic-q009; periodic-q010; periodic-q011; periodic-q012; periodic-q034; periodic-q035; periodic-q036; periodic-q053; periodic-q074; periodic-q076; periodic-q081","multiple-choice; short-answer; long-answer; matching; fill-in-the-blank; classification","knowledgeOrganiser","C2 Chapter 1: The Periodic Table Knowledge Organiser (user-supplied image; registered on the site as Year 8 Science Chapter 3): Physical properties and Chemical properties","","Covered","Included in Learn, Mind Map, a dedicated flashcard and the listed generated quiz coverage set."
"Physical and Chemical Properties","Boiling point is a physical property.","Fact","Boiling point is a physical property.","Physical and Chemical Properties","y8sci-periodic-properties-fact-9","periodic-q009; periodic-q010; periodic-q011; periodic-q012; periodic-q034; periodic-q035; periodic-q036; periodic-q053; periodic-q074; periodic-q076; periodic-q081","multiple-choice; short-answer; long-answer; matching; fill-in-the-blank; classification","knowledgeOrganiser","C2 Chapter 1: The Periodic Table Knowledge Organiser (user-supplied image; registered on the site as Year 8 Science Chapter 3): Physical properties and Chemical properties","","Covered","Included in Learn, Mind Map, a dedicated flashcard and the listed generated quiz coverage set."
"Physical and Chemical Properties","Chemical properties describe how a substance behaves in chemical reactions.","Fact","Chemical properties describe how a substance behaves in chemical reactions.","Physical and Chemical Properties","y8sci-periodic-properties-fact-10","periodic-q009; periodic-q010; periodic-q011; periodic-q012; periodic-q034; periodic-q035; periodic-q036; periodic-q053; periodic-q074; periodic-q076; periodic-q081","multiple-choice; short-answer; long-answer; matching; fill-in-the-blank; classification","knowledgeOrganiser","C2 Chapter 1: The Periodic Table Knowledge Organiser (user-supplied image; registered on the site as Year 8 Science Chapter 3): Physical properties and Chemical properties","","Covered","Included in Learn, Mind Map, a dedicated flashcard and the listed generated quiz coverage set."
"Physical and Chemical Properties","Reactivity is a chemical property.","Fact","Reactivity is a chemical property.","Physical and Chemical Properties","y8sci-periodic-properties-fact-11","periodic-q009; periodic-q010; periodic-q011; periodic-q012; periodic-q034; periodic-q035; periodic-q036; periodic-q053; periodic-q074; periodic-q076; periodic-q081","multiple-choice; short-answer; long-answer; matching; fill-in-the-blank; classification","knowledgeOrganiser","C2 Chapter 1: The Periodic Table Knowledge Organiser (user-supplied image; registered on the site as Year 8 Science Chapter 3): Physical properties and Chemical properties","","Covered","Included in Learn, Mind Map, a dedicated flashcard and the listed generated quiz coverage set."
"Physical and Chemical Properties","The substances with which an element reacts are part of its chemical properties.","Fact","The substances with which an element reacts are part of its chemical properties.","Physical and Chemical Properties","y8sci-periodic-properties-fact-12","periodic-q009; periodic-q010; periodic-q011; periodic-q012; periodic-q034; periodic-q035; periodic-q036; periodic-q053; periodic-q074; periodic-q076; periodic-q081","multiple-choice; short-answer; long-answer; matching; fill-in-the-blank; classification","knowledgeOrganiser","C2 Chapter 1: The Periodic Table Knowledge Organiser (user-supplied image; registered on the site as Year 8 Science Chapter 3): Physical properties and Chemical properties","","Covered","Included in Learn, Mind Map, a dedicated flashcard and the listed generated quiz coverage set."
"Physical and Chemical Properties","The products an element forms in reactions are part of its chemical properties.","Fact","The products an element forms in reactions are part of its chemical properties.","Physical and Chemical Properties","y8sci-periodic-properties-fact-13","periodic-q009; periodic-q010; periodic-q011; periodic-q012; periodic-q034; periodic-q035; periodic-q036; periodic-q053; periodic-q074; periodic-q076; periodic-q081","multiple-choice; short-answer; long-answer; matching; fill-in-the-blank; classification","knowledgeOrganiser","C2 Chapter 1: The Periodic Table Knowledge Organiser (user-supplied image; registered on the site as Year 8 Science Chapter 3): Physical properties and Chemical properties","","Covered","Included in Learn, Mind Map, a dedicated flashcard and the listed generated quiz coverage set."
"Physical and Chemical Properties","conductor","Vocabulary","conductor","Physical and Chemical Properties","y8sci-periodic-properties-term-1","periodic-q009; periodic-q010; periodic-q011; periodic-q012; periodic-q034; periodic-q035; periodic-q036; periodic-q053; periodic-q074; periodic-q076; periodic-q081","multiple-choice; short-answer; long-answer; matching; fill-in-the-blank; classification","knowledgeOrganiser","C2 Chapter 1: The Periodic Table Knowledge Organiser (user-supplied image; registered on the site as Year 8 Science Chapter 3): Physical properties and Chemical properties","","Covered","The definition appears on its dedicated flashcard; meaning or usage is tested by the listed generated quiz coverage set."
"Physical and Chemical Properties","chemical property","Vocabulary","chemical property","Physical and Chemical Properties","y8sci-periodic-properties-term-2","periodic-q009; periodic-q010; periodic-q011; periodic-q012; periodic-q034; periodic-q035; periodic-q036; periodic-q053; periodic-q074; periodic-q076; periodic-q081","multiple-choice; short-answer; long-answer; matching; fill-in-the-blank; classification","knowledgeOrganiser","C2 Chapter 1: The Periodic Table Knowledge Organiser (user-supplied image; registered on the site as Year 8 Science Chapter 3): Physical properties and Chemical properties","","Covered","The definition appears on its dedicated flashcard; meaning or usage is tested by the listed generated quiz coverage set."
"Physical and Chemical Properties","dense","Vocabulary","dense","Physical and Chemical Properties","y8sci-periodic-properties-term-3","periodic-q009; periodic-q010; periodic-q011; periodic-q012; periodic-q034; periodic-q035; periodic-q036; periodic-q053; periodic-q074; periodic-q076; periodic-q081","multiple-choice; short-answer; long-answer; matching; fill-in-the-blank; classification","knowledgeOrganiser","C2 Chapter 1: The Periodic Table Knowledge Organiser (user-supplied image; registered on the site as Year 8 Science Chapter 3): Physical properties and Chemical properties","","Covered","The definition appears on its dedicated flashcard; meaning or usage is tested by the listed generated quiz coverage set."
"Physical and Chemical Properties","malleable","Vocabulary","malleable","Physical and Chemical Properties","y8sci-periodic-properties-term-4","periodic-q009; periodic-q010; periodic-q011; periodic-q012; periodic-q034; periodic-q035; periodic-q036; periodic-q053; periodic-q074; periodic-q076; periodic-q081","multiple-choice; short-answer; long-answer; matching; fill-in-the-blank; classification","knowledgeOrganiser","C2 Chapter 1: The Periodic Table Knowledge Organiser (user-supplied image; registered on the site as Year 8 Science Chapter 3): Physical properties and Chemical properties","","Covered","The definition appears on its dedicated flashcard; meaning or usage is tested by the listed generated quiz coverage set."
"Physical and Chemical Properties","physical property","Vocabulary","physical property","Physical and Chemical Properties","y8sci-periodic-properties-term-5","periodic-q009; periodic-q010; periodic-q011; periodic-q012; periodic-q034; periodic-q035; periodic-q036; periodic-q053; periodic-q074; periodic-q076; periodic-q081","multiple-choice; short-answer; long-answer; matching; fill-in-the-blank; classification","knowledgeOrganiser","C2 Chapter 1: The Periodic Table Knowledge Organiser (user-supplied image; registered on the site as Year 8 Science Chapter 3): Physical properties and Chemical properties","","Covered","The definition appears on its dedicated flashcard; meaning or usage is tested by the listed generated quiz coverage set."
"Physical and Chemical Properties","sonorous","Vocabulary","sonorous","Physical and Chemical Properties","y8sci-periodic-properties-term-6","periodic-q009; periodic-q010; periodic-q011; periodic-q012; periodic-q034; periodic-q035; periodic-q036; periodic-q053; periodic-q074; periodic-q076; periodic-q081","multiple-choice; short-answer; long-answer; matching; fill-in-the-blank; classification","knowledgeOrganiser","C2 Chapter 1: The Periodic Table Knowledge Organiser (user-supplied image; registered on the site as Year 8 Science Chapter 3): Physical properties and Chemical properties","","Covered","The definition appears on its dedicated flashcard; meaning or usage is tested by the listed generated quiz coverage set."
"Physical and Chemical Properties","reactive","Vocabulary","reactive","Physical and Chemical Properties","y8sci-periodic-properties-term-7","periodic-q009; periodic-q010; periodic-q011; periodic-q012; periodic-q034; periodic-q035; periodic-q036; periodic-q053; periodic-q074; periodic-q076; periodic-q081","multiple-choice; short-answer; long-answer; matching; fill-in-the-blank; classification","knowledgeOrganiser","C2 Chapter 1: The Periodic Table Knowledge Organiser (user-supplied image; registered on the site as Year 8 Science Chapter 3): Physical properties and Chemical properties","","Covered","The definition appears on its dedicated flashcard; meaning or usage is tested by the listed generated quiz coverage set."
"Metals and Non-metals","Metals are normally good conductors of heat.","Fact","Metals are normally good conductors of heat.","Metals and Non-metals","y8sci-periodic-metals-nonmetals-fact-1","periodic-q013; periodic-q014; periodic-q015; periodic-q016; periodic-q037; periodic-q038; periodic-q039; periodic-q040; periodic-q054; periodic-q074; periodic-q082","multiple-choice; short-answer; long-answer; matching; classification","knowledgeOrganiser","C2 Chapter 1: The Periodic Table Knowledge Organiser (user-supplied image; registered on the site as Year 8 Science Chapter 3): Metals and Non-metals","","Covered","Included in Learn, Mind Map, a dedicated flashcard and the listed generated quiz coverage set."
"Metals and Non-metals","Metals are normally good conductors of electricity.","Fact","Metals are normally good conductors of electricity.","Metals and Non-metals","y8sci-periodic-metals-nonmetals-fact-2","periodic-q013; periodic-q014; periodic-q015; periodic-q016; periodic-q037; periodic-q038; periodic-q039; periodic-q040; periodic-q054; periodic-q074; periodic-q082","multiple-choice; short-answer; long-answer; matching; classification","knowledgeOrganiser","C2 Chapter 1: The Periodic Table Knowledge Organiser (user-supplied image; registered on the site as Year 8 Science Chapter 3): Metals and Non-metals","","Covered","Included in Learn, Mind Map, a dedicated flashcard and the listed generated quiz coverage set."
"Metals and Non-metals","Metals are shiny when cut.","Fact","Metals are shiny when cut.","Metals and Non-metals","y8sci-periodic-metals-nonmetals-fact-3","periodic-q013; periodic-q014; periodic-q015; periodic-q016; periodic-q037; periodic-q038; periodic-q039; periodic-q040; periodic-q054; periodic-q074; periodic-q082","multiple-choice; short-answer; long-answer; matching; classification","knowledgeOrganiser","C2 Chapter 1: The Periodic Table Knowledge Organiser (user-supplied image; registered on the site as Year 8 Science Chapter 3): Metals and Non-metals","","Covered","Included in Learn, Mind Map, a dedicated flashcard and the listed generated quiz coverage set."
"Metals and Non-metals","Metals are malleable.","Fact","Metals are malleable.","Metals and Non-metals","y8sci-periodic-metals-nonmetals-fact-4","periodic-q013; periodic-q014; periodic-q015; periodic-q016; periodic-q037; periodic-q038; periodic-q039; periodic-q040; periodic-q054; periodic-q074; periodic-q082","multiple-choice; short-answer; long-answer; matching; classification","knowledgeOrganiser","C2 Chapter 1: The Periodic Table Knowledge Organiser (user-supplied image; registered on the site as Year 8 Science Chapter 3): Metals and Non-metals","","Covered","Included in Learn, Mind Map, a dedicated flashcard and the listed generated quiz coverage set."
"Metals and Non-metals","Metals are dense.","Fact","Metals are dense.","Metals and Non-metals","y8sci-periodic-metals-nonmetals-fact-5","periodic-q013; periodic-q014; periodic-q015; periodic-q016; periodic-q037; periodic-q038; periodic-q039; periodic-q040; periodic-q054; periodic-q074; periodic-q082","multiple-choice; short-answer; long-answer; matching; classification","knowledgeOrganiser","C2 Chapter 1: The Periodic Table Knowledge Organiser (user-supplied image; registered on the site as Year 8 Science Chapter 3): Metals and Non-metals","","Covered","Included in Learn, Mind Map, a dedicated flashcard and the listed generated quiz coverage set."
"Metals and Non-metals","Metals are sonorous.","Fact","Metals are sonorous.","Metals and Non-metals","y8sci-periodic-metals-nonmetals-fact-6","periodic-q013; periodic-q014; periodic-q015; periodic-q016; periodic-q037; periodic-q038; periodic-q039; periodic-q040; periodic-q054; periodic-q074; periodic-q082","multiple-choice; short-answer; long-answer; matching; classification","knowledgeOrganiser","C2 Chapter 1: The Periodic Table Knowledge Organiser (user-supplied image; registered on the site as Year 8 Science Chapter 3): Metals and Non-metals","","Covered","Included in Learn, Mind Map, a dedicated flashcard and the listed generated quiz coverage set."
"Metals and Non-metals","Most metals have high melting points.","Fact","Most metals have high melting points.","Metals and Non-metals","y8sci-periodic-metals-nonmetals-fact-7","periodic-q013; periodic-q014; periodic-q015; periodic-q016; periodic-q037; periodic-q038; periodic-q039; periodic-q040; periodic-q054; periodic-q074; periodic-q082","multiple-choice; short-answer; long-answer; matching; classification","knowledgeOrganiser","C2 Chapter 1: The Periodic Table Knowledge Organiser (user-supplied image; registered on the site as Year 8 Science Chapter 3): Metals and Non-metals","","Covered","Included in Learn, Mind Map, a dedicated flashcard and the listed generated quiz coverage set."
"Metals and Non-metals","Non-metals often have properties opposite to those of metals.","Fact","Non-metals often have properties opposite to those of metals.","Metals and Non-metals","y8sci-periodic-metals-nonmetals-fact-8","periodic-q013; periodic-q014; periodic-q015; periodic-q016; periodic-q037; periodic-q038; periodic-q039; periodic-q040; periodic-q054; periodic-q074; periodic-q082","multiple-choice; short-answer; long-answer; matching; classification","knowledgeOrganiser","C2 Chapter 1: The Periodic Table Knowledge Organiser (user-supplied image; registered on the site as Year 8 Science Chapter 3): Metals and Non-metals","","Covered","Included in Learn, Mind Map, a dedicated flashcard and the listed generated quiz coverage set."
"Metals and Non-metals","Non-metals often have low boiling points.","Fact","Non-metals often have low boiling points.","Metals and Non-metals","y8sci-periodic-metals-nonmetals-fact-9","periodic-q013; periodic-q014; periodic-q015; periodic-q016; periodic-q037; periodic-q038; periodic-q039; periodic-q040; periodic-q054; periodic-q074; periodic-q082","multiple-choice; short-answer; long-answer; matching; classification","knowledgeOrganiser","C2 Chapter 1: The Periodic Table Knowledge Organiser (user-supplied image; registered on the site as Year 8 Science Chapter 3): Metals and Non-metals","","Covered","Included in Learn, Mind Map, a dedicated flashcard and the listed generated quiz coverage set."
"Metals and Non-metals","Their low boiling points mean that many non-metals are gases at room temperature.","Fact","Their low boiling points mean that many non-metals are gases at room temperature.","Metals and Non-metals","y8sci-periodic-metals-nonmetals-fact-10","periodic-q013; periodic-q014; periodic-q015; periodic-q016; periodic-q037; periodic-q038; periodic-q039; periodic-q040; periodic-q054; periodic-q074; periodic-q082","multiple-choice; short-answer; long-answer; matching; classification","knowledgeOrganiser","C2 Chapter 1: The Periodic Table Knowledge Organiser (user-supplied image; registered on the site as Year 8 Science Chapter 3): Metals and Non-metals","","Covered","Included in Learn, Mind Map, a dedicated flashcard and the listed generated quiz coverage set."
"Metals and Non-metals","Non-metals are poor conductors of electricity.","Fact","Non-metals are poor conductors of electricity.","Metals and Non-metals","y8sci-periodic-metals-nonmetals-fact-11","periodic-q013; periodic-q014; periodic-q015; periodic-q016; periodic-q037; periodic-q038; periodic-q039; periodic-q040; periodic-q054; periodic-q074; periodic-q082","multiple-choice; short-answer; long-answer; matching; classification","knowledgeOrganiser","C2 Chapter 1: The Periodic Table Knowledge Organiser (user-supplied image; registered on the site as Year 8 Science Chapter 3): Metals and Non-metals","","Covered","Included in Learn, Mind Map, a dedicated flashcard and the listed generated quiz coverage set."
"Metals and Non-metals","Non-metals are poor conductors of heat.","Fact","Non-metals are poor conductors of heat.","Metals and Non-metals","y8sci-periodic-metals-nonmetals-fact-12","periodic-q013; periodic-q014; periodic-q015; periodic-q016; periodic-q037; periodic-q038; periodic-q039; periodic-q040; periodic-q054; periodic-q074; periodic-q082","multiple-choice; short-answer; long-answer; matching; classification","knowledgeOrganiser","C2 Chapter 1: The Periodic Table Knowledge Organiser (user-supplied image; registered on the site as Year 8 Science Chapter 3): Metals and Non-metals","","Covered","Included in Learn, Mind Map, a dedicated flashcard and the listed generated quiz coverage set."
"Metals and Non-metals","Non-metals are dull in appearance.","Fact","Non-metals are dull in appearance.","Metals and Non-metals","y8sci-periodic-metals-nonmetals-fact-13","periodic-q013; periodic-q014; periodic-q015; periodic-q016; periodic-q037; periodic-q038; periodic-q039; periodic-q040; periodic-q054; periodic-q074; periodic-q082","multiple-choice; short-answer; long-answer; matching; classification","knowledgeOrganiser","C2 Chapter 1: The Periodic Table Knowledge Organiser (user-supplied image; registered on the site as Year 8 Science Chapter 3): Metals and Non-metals","","Covered","Included in Learn, Mind Map, a dedicated flashcard and the listed generated quiz coverage set."
"Metals and Non-metals","Non-metals have low density.","Fact","Non-metals have low density.","Metals and Non-metals","y8sci-periodic-metals-nonmetals-fact-14","periodic-q013; periodic-q014; periodic-q015; periodic-q016; periodic-q037; periodic-q038; periodic-q039; periodic-q040; periodic-q054; periodic-q074; periodic-q082","multiple-choice; short-answer; long-answer; matching; classification","knowledgeOrganiser","C2 Chapter 1: The Periodic Table Knowledge Organiser (user-supplied image; registered on the site as Year 8 Science Chapter 3): Metals and Non-metals","","Covered","Included in Learn, Mind Map, a dedicated flashcard and the listed generated quiz coverage set."
"Metals and Non-metals","Solid non-metals are brittle.","Fact","Solid non-metals are brittle.","Metals and Non-metals","y8sci-periodic-metals-nonmetals-fact-15","periodic-q013; periodic-q014; periodic-q015; periodic-q016; periodic-q037; periodic-q038; periodic-q039; periodic-q040; periodic-q054; periodic-q074; periodic-q082","multiple-choice; short-answer; long-answer; matching; classification","knowledgeOrganiser","C2 Chapter 1: The Periodic Table Knowledge Organiser (user-supplied image; registered on the site as Year 8 Science Chapter 3): Metals and Non-metals","","Covered","Included in Learn, Mind Map, a dedicated flashcard and the listed generated quiz coverage set."
"Metals and Non-metals","Non-metals are not sonorous.","Fact","Non-metals are not sonorous.","Metals and Non-metals","y8sci-periodic-metals-nonmetals-fact-16","periodic-q013; periodic-q014; periodic-q015; periodic-q016; periodic-q037; periodic-q038; periodic-q039; periodic-q040; periodic-q054; periodic-q074; periodic-q082","multiple-choice; short-answer; long-answer; matching; classification","knowledgeOrganiser","C2 Chapter 1: The Periodic Table Knowledge Organiser (user-supplied image; registered on the site as Year 8 Science Chapter 3): Metals and Non-metals","","Covered","Included in Learn, Mind Map, a dedicated flashcard and the listed generated quiz coverage set."
"Metals and Non-metals","brittle","Vocabulary","brittle","Metals and Non-metals","y8sci-periodic-metals-nonmetals-term-1","periodic-q013; periodic-q014; periodic-q015; periodic-q016; periodic-q037; periodic-q038; periodic-q039; periodic-q040; periodic-q054; periodic-q074; periodic-q082","multiple-choice; short-answer; long-answer; matching; classification","knowledgeOrganiser","C2 Chapter 1: The Periodic Table Knowledge Organiser (user-supplied image; registered on the site as Year 8 Science Chapter 3): Metals and Non-metals","","Covered","The definition appears on its dedicated flashcard; meaning or usage is tested by the listed generated quiz coverage set."
"Metals and Non-metals","metal","Vocabulary","metal","Metals and Non-metals","y8sci-periodic-metals-nonmetals-term-2","periodic-q013; periodic-q014; periodic-q015; periodic-q016; periodic-q037; periodic-q038; periodic-q039; periodic-q040; periodic-q054; periodic-q074; periodic-q082","multiple-choice; short-answer; long-answer; matching; classification","knowledgeOrganiser","C2 Chapter 1: The Periodic Table Knowledge Organiser (user-supplied image; registered on the site as Year 8 Science Chapter 3): Metals and Non-metals","","Covered","The definition appears on its dedicated flashcard; meaning or usage is tested by the listed generated quiz coverage set."
"Metals and Non-metals","non-metal","Vocabulary","non-metal","Metals and Non-metals","y8sci-periodic-metals-nonmetals-term-3","periodic-q013; periodic-q014; periodic-q015; periodic-q016; periodic-q037; periodic-q038; periodic-q039; periodic-q040; periodic-q054; periodic-q074; periodic-q082","multiple-choice; short-answer; long-answer; matching; classification","knowledgeOrganiser","C2 Chapter 1: The Periodic Table Knowledge Organiser (user-supplied image; registered on the site as Year 8 Science Chapter 3): Metals and Non-metals","","Covered","The definition appears on its dedicated flashcard; meaning or usage is tested by the listed generated quiz coverage set."
"Group 1 — Alkali Metals","Group 1 elements are called the alkali metals.","Fact","Group 1 elements are called the alkali metals.","Group 1 — Alkali Metals","y8sci-periodic-group1-fact-1","periodic-q017; periodic-q018; periodic-q019; periodic-q020; periodic-q041; periodic-q042; periodic-q043; periodic-q044; periodic-q055; periodic-q062; periodic-q073; periodic-q077","multiple-choice; short-answer; long-answer; classification; matching; ordering","knowledgeOrganiser","C2 Chapter 1: The Periodic Table Knowledge Organiser (user-supplied image; registered on the site as Year 8 Science Chapter 3): Group 1","","Covered","Included in Learn, Mind Map, a dedicated flashcard and the listed generated quiz coverage set."
"Group 1 — Alkali Metals","Group 1 elements are like other metals but are very reactive.","Fact","Group 1 elements are like other metals but are very reactive.","Group 1 — Alkali Metals","y8sci-periodic-group1-fact-2","periodic-q017; periodic-q018; periodic-q019; periodic-q020; periodic-q041; periodic-q042; periodic-q043; periodic-q044; periodic-q055; periodic-q062; periodic-q073; periodic-q077","multiple-choice; short-answer; long-answer; classification; matching; ordering","knowledgeOrganiser","C2 Chapter 1: The Periodic Table Knowledge Organiser (user-supplied image; registered on the site as Year 8 Science Chapter 3): Group 1","","Covered","Included in Learn, Mind Map, a dedicated flashcard and the listed generated quiz coverage set."
"Group 1 — Alkali Metals","Group 1 elements react vigorously with water.","Fact","Group 1 elements react vigorously with water.","Group 1 — Alkali Metals","y8sci-periodic-group1-fact-3","periodic-q017; periodic-q018; periodic-q019; periodic-q020; periodic-q041; periodic-q042; periodic-q043; periodic-q044; periodic-q055; periodic-q062; periodic-q073; periodic-q077","multiple-choice; short-answer; long-answer; classification; matching; ordering","knowledgeOrganiser","C2 Chapter 1: The Periodic Table Knowledge Organiser (user-supplied image; registered on the site as Year 8 Science Chapter 3): Group 1","","Covered","Included in Learn, Mind Map, a dedicated flashcard and the listed generated quiz coverage set."
"Group 1 — Alkali Metals","Group 1 elements become more reactive down the group.","Fact","Group 1 elements become more reactive down the group.","Group 1 — Alkali Metals","y8sci-periodic-group1-fact-4","periodic-q017; periodic-q018; periodic-q019; periodic-q020; periodic-q041; periodic-q042; periodic-q043; periodic-q044; periodic-q055; periodic-q062; periodic-q073; periodic-q077","multiple-choice; short-answer; long-answer; classification; matching; ordering","knowledgeOrganiser","C2 Chapter 1: The Periodic Table Knowledge Organiser (user-supplied image; registered on the site as Year 8 Science Chapter 3): Group 1","","Covered","Included in Learn, Mind Map, a dedicated flashcard and the listed generated quiz coverage set."
"Group 1 — Alkali Metals","Group 1 elements have lower melting points than most other metals.","Fact","Group 1 elements have lower melting points than most other metals.","Group 1 — Alkali Metals","y8sci-periodic-group1-fact-5","periodic-q017; periodic-q018; periodic-q019; periodic-q020; periodic-q041; periodic-q042; periodic-q043; periodic-q044; periodic-q055; periodic-q062; periodic-q073; periodic-q077","multiple-choice; short-answer; long-answer; classification; matching; ordering","knowledgeOrganiser","C2 Chapter 1: The Periodic Table Knowledge Organiser (user-supplied image; registered on the site as Year 8 Science Chapter 3): Group 1","","Covered","Included in Learn, Mind Map, a dedicated flashcard and the listed generated quiz coverage set."
"Group 1 — Alkali Metals","The melting points of Group 1 elements decrease down the group.","Fact","The melting points of Group 1 elements decrease down the group.","Group 1 — Alkali Metals","y8sci-periodic-group1-fact-6","periodic-q017; periodic-q018; periodic-q019; periodic-q020; periodic-q041; periodic-q042; periodic-q043; periodic-q044; periodic-q055; periodic-q062; periodic-q073; periodic-q077","multiple-choice; short-answer; long-answer; classification; matching; ordering","knowledgeOrganiser","C2 Chapter 1: The Periodic Table Knowledge Organiser (user-supplied image; registered on the site as Year 8 Science Chapter 3): Group 1","","Covered","Included in Learn, Mind Map, a dedicated flashcard and the listed generated quiz coverage set."
"Group 1 — Alkali Metals","A Group 1 metal reacting with water produces a metal hydroxide and hydrogen gas.","Fact","A Group 1 metal reacting with water produces a metal hydroxide and hydrogen gas.","Group 1 — Alkali Metals","y8sci-periodic-group1-fact-7","periodic-q017; periodic-q018; periodic-q019; periodic-q020; periodic-q041; periodic-q042; periodic-q043; periodic-q044; periodic-q055; periodic-q062; periodic-q073; periodic-q077","multiple-choice; short-answer; long-answer; classification; matching; ordering","knowledgeOrganiser","C2 Chapter 1: The Periodic Table Knowledge Organiser (user-supplied image; registered on the site as Year 8 Science Chapter 3): Group 1","","Covered","Included in Learn, Mind Map, a dedicated flashcard and the listed generated quiz coverage set."
"Group 1 — Alkali Metals","alkali metal","Vocabulary","alkali metal","Group 1 — Alkali Metals","y8sci-periodic-group1-term-1","periodic-q017; periodic-q018; periodic-q019; periodic-q020; periodic-q041; periodic-q042; periodic-q043; periodic-q044; periodic-q055; periodic-q062; periodic-q073; periodic-q077","multiple-choice; short-answer; long-answer; classification; matching; ordering","knowledgeOrganiser","C2 Chapter 1: The Periodic Table Knowledge Organiser (user-supplied image; registered on the site as Year 8 Science Chapter 3): Group 1","","Covered","The definition appears on its dedicated flashcard; meaning or usage is tested by the listed generated quiz coverage set."
"Group 7 — Halogens","Group 7 elements are called the halogens.","Fact","Group 7 elements are called the halogens.","Group 7 — Halogens","y8sci-periodic-group7-fact-1","periodic-q021; periodic-q022; periodic-q023; periodic-q024; periodic-q045; periodic-q046; periodic-q047; periodic-q048; periodic-q052; periodic-q056; periodic-q062; periodic-q073; periodic-q078; periodic-q080","multiple-choice; short-answer; long-answer; classification; matching; ordering; equation-completion","knowledgeOrganiser","C2 Chapter 1: The Periodic Table Knowledge Organiser (user-supplied image; registered on the site as Year 8 Science Chapter 3): Group 7","","Covered","Included in Learn, Mind Map, a dedicated flashcard and the listed generated quiz coverage set."
"Group 7 — Halogens","Halogens are generally very reactive.","Fact","Halogens are generally very reactive.","Group 7 — Halogens","y8sci-periodic-group7-fact-2","periodic-q021; periodic-q022; periodic-q023; periodic-q024; periodic-q045; periodic-q046; periodic-q047; periodic-q048; periodic-q052; periodic-q056; periodic-q062; periodic-q073; periodic-q078; periodic-q080","multiple-choice; short-answer; long-answer; classification; matching; ordering; equation-completion","knowledgeOrganiser","C2 Chapter 1: The Periodic Table Knowledge Organiser (user-supplied image; registered on the site as Year 8 Science Chapter 3): Group 7","","Covered","Included in Learn, Mind Map, a dedicated flashcard and the listed generated quiz coverage set."
"Group 7 — Halogens","The properties of Group 7 are generally opposite to those of Group 1.","Fact","The properties of Group 7 are generally opposite to those of Group 1.","Group 7 — Halogens","y8sci-periodic-group7-fact-3","periodic-q021; periodic-q022; periodic-q023; periodic-q024; periodic-q045; periodic-q046; periodic-q047; periodic-q048; periodic-q052; periodic-q056; periodic-q062; periodic-q073; periodic-q078; periodic-q080","multiple-choice; short-answer; long-answer; classification; matching; ordering; equation-completion","knowledgeOrganiser","C2 Chapter 1: The Periodic Table Knowledge Organiser (user-supplied image; registered on the site as Year 8 Science Chapter 3): Group 7","","Covered","Included in Learn, Mind Map, a dedicated flashcard and the listed generated quiz coverage set."
"Group 7 — Halogens","The melting points of Group 7 elements increase down the group.","Fact","The melting points of Group 7 elements increase down the group.","Group 7 — Halogens","y8sci-periodic-group7-fact-4","periodic-q021; periodic-q022; periodic-q023; periodic-q024; periodic-q045; periodic-q046; periodic-q047; periodic-q048; periodic-q052; periodic-q056; periodic-q062; periodic-q073; periodic-q078; periodic-q080","multiple-choice; short-answer; long-answer; classification; matching; ordering; equation-completion","knowledgeOrganiser","C2 Chapter 1: The Periodic Table Knowledge Organiser (user-supplied image; registered on the site as Year 8 Science Chapter 3): Group 7","","Covered","Included in Learn, Mind Map, a dedicated flashcard and the listed generated quiz coverage set."
"Group 7 — Halogens","The reactivity of Group 7 elements decreases down the group.","Fact","The reactivity of Group 7 elements decreases down the group.","Group 7 — Halogens","y8sci-periodic-group7-fact-5","periodic-q021; periodic-q022; periodic-q023; periodic-q024; periodic-q045; periodic-q046; periodic-q047; periodic-q048; periodic-q052; periodic-q056; periodic-q062; periodic-q073; periodic-q078; periodic-q080","multiple-choice; short-answer; long-answer; classification; matching; ordering; equation-completion","knowledgeOrganiser","C2 Chapter 1: The Periodic Table Knowledge Organiser (user-supplied image; registered on the site as Year 8 Science Chapter 3): Group 7","","Covered","Included in Learn, Mind Map, a dedicated flashcard and the listed generated quiz coverage set."
"Group 7 — Halogens","In a Group 7 displacement reaction, an element higher in the group takes the place of an element lower in the group in a compound.","Fact","In a Group 7 displacement reaction, an element higher in the group takes the place of an element lower in the group in a compound.","Group 7 — Halogens","y8sci-periodic-group7-fact-6","periodic-q021; periodic-q022; periodic-q023; periodic-q024; periodic-q045; periodic-q046; periodic-q047; periodic-q048; periodic-q052; periodic-q056; periodic-q062; periodic-q073; periodic-q078; periodic-q080","multiple-choice; short-answer; long-answer; classification; matching; ordering; equation-completion","knowledgeOrganiser","C2 Chapter 1: The Periodic Table Knowledge Organiser (user-supplied image; registered on the site as Year 8 Science Chapter 3): Group 7","","Covered","Included in Learn, Mind Map, a dedicated flashcard and the listed generated quiz coverage set."
"Group 7 — Halogens","The organiser's example is potassium iodide + chlorine → potassium chloride + iodine.","Fact","The organiser's example is potassium iodide + chlorine → potassium chloride + iodine.","Group 7 — Halogens","y8sci-periodic-group7-fact-7","periodic-q021; periodic-q022; periodic-q023; periodic-q024; periodic-q045; periodic-q046; periodic-q047; periodic-q048; periodic-q052; periodic-q056; periodic-q062; periodic-q073; periodic-q078; periodic-q080","multiple-choice; short-answer; long-answer; classification; matching; ordering; equation-completion","knowledgeOrganiser","C2 Chapter 1: The Periodic Table Knowledge Organiser (user-supplied image; registered on the site as Year 8 Science Chapter 3): Group 7","","Covered","Included in Learn, Mind Map, a dedicated flashcard and the listed generated quiz coverage set."
"Group 7 — Halogens","halogen","Vocabulary","halogen","Group 7 — Halogens","y8sci-periodic-group7-term-1","periodic-q021; periodic-q022; periodic-q023; periodic-q024; periodic-q045; periodic-q046; periodic-q047; periodic-q048; periodic-q052; periodic-q056; periodic-q062; periodic-q073; periodic-q078; periodic-q080","multiple-choice; short-answer; long-answer; classification; matching; ordering; equation-completion","knowledgeOrganiser","C2 Chapter 1: The Periodic Table Knowledge Organiser (user-supplied image; registered on the site as Year 8 Science Chapter 3): Group 7","","Covered","The definition appears on its dedicated flashcard; meaning or usage is tested by the listed generated quiz coverage set."
"Group 7 — Halogens","displacement reaction","Vocabulary","displacement reaction","Group 7 — Halogens","y8sci-periodic-group7-term-2","periodic-q021; periodic-q022; periodic-q023; periodic-q024; periodic-q045; periodic-q046; periodic-q047; periodic-q048; periodic-q052; periodic-q056; periodic-q062; periodic-q073; periodic-q078; periodic-q080","multiple-choice; short-answer; long-answer; classification; matching; ordering; equation-completion","knowledgeOrganiser","C2 Chapter 1: The Periodic Table Knowledge Organiser (user-supplied image; registered on the site as Year 8 Science Chapter 3): Group 7","","Covered","The definition appears on its dedicated flashcard; meaning or usage is tested by the listed generated quiz coverage set."
"Group 0 — Noble Gases","Group 0 elements are called the noble gases.","Fact","Group 0 elements are called the noble gases.","Group 0 — Noble Gases","y8sci-periodic-group0-fact-1","periodic-q025; periodic-q026; periodic-q027; periodic-q028; periodic-q049; periodic-q050; periodic-q051; periodic-q052; periodic-q057; periodic-q062; periodic-q073; periodic-q079","multiple-choice; short-answer; long-answer; classification; matching; ordering","knowledgeOrganiser","C2 Chapter 1: The Periodic Table Knowledge Organiser (user-supplied image; registered on the site as Year 8 Science Chapter 3): Group 0","","Covered","Included in Learn, Mind Map, a dedicated flashcard and the listed generated quiz coverage set."
"Group 0 — Noble Gases","Noble gases are very unreactive.","Fact","Noble gases are very unreactive.","Group 0 — Noble Gases","y8sci-periodic-group0-fact-2","periodic-q025; periodic-q026; periodic-q027; periodic-q028; periodic-q049; periodic-q050; periodic-q051; periodic-q052; periodic-q057; periodic-q062; periodic-q073; periodic-q079","multiple-choice; short-answer; long-answer; classification; matching; ordering","knowledgeOrganiser","C2 Chapter 1: The Periodic Table Knowledge Organiser (user-supplied image; registered on the site as Year 8 Science Chapter 3): Group 0","","Covered","Included in Learn, Mind Map, a dedicated flashcard and the listed generated quiz coverage set."
"Group 0 — Noble Gases","Noble gases have low boiling points.","Fact","Noble gases have low boiling points.","Group 0 — Noble Gases","y8sci-periodic-group0-fact-3","periodic-q025; periodic-q026; periodic-q027; periodic-q028; periodic-q049; periodic-q050; periodic-q051; periodic-q052; periodic-q057; periodic-q062; periodic-q073; periodic-q079","multiple-choice; short-answer; long-answer; classification; matching; ordering","knowledgeOrganiser","C2 Chapter 1: The Periodic Table Knowledge Organiser (user-supplied image; registered on the site as Year 8 Science Chapter 3): Group 0","","Covered","Included in Learn, Mind Map, a dedicated flashcard and the listed generated quiz coverage set."
"Group 0 — Noble Gases","Noble gases are gases at room temperature.","Fact","Noble gases are gases at room temperature.","Group 0 — Noble Gases","y8sci-periodic-group0-fact-4","periodic-q025; periodic-q026; periodic-q027; periodic-q028; periodic-q049; periodic-q050; periodic-q051; periodic-q052; periodic-q057; periodic-q062; periodic-q073; periodic-q079","multiple-choice; short-answer; long-answer; classification; matching; ordering","knowledgeOrganiser","C2 Chapter 1: The Periodic Table Knowledge Organiser (user-supplied image; registered on the site as Year 8 Science Chapter 3): Group 0","","Covered","Included in Learn, Mind Map, a dedicated flashcard and the listed generated quiz coverage set."
"Group 0 — Noble Gases","The boiling points of Group 0 elements increase down the group.","Fact","The boiling points of Group 0 elements increase down the group.","Group 0 — Noble Gases","y8sci-periodic-group0-fact-5","periodic-q025; periodic-q026; periodic-q027; periodic-q028; periodic-q049; periodic-q050; periodic-q051; periodic-q052; periodic-q057; periodic-q062; periodic-q073; periodic-q079","multiple-choice; short-answer; long-answer; classification; matching; ordering","knowledgeOrganiser","C2 Chapter 1: The Periodic Table Knowledge Organiser (user-supplied image; registered on the site as Year 8 Science Chapter 3): Group 0","","Covered","Included in Learn, Mind Map, a dedicated flashcard and the listed generated quiz coverage set."
"Group 0 — Noble Gases","noble gas","Vocabulary","noble gas","Group 0 — Noble Gases","y8sci-periodic-group0-term-1","periodic-q025; periodic-q026; periodic-q027; periodic-q028; periodic-q049; periodic-q050; periodic-q051; periodic-q052; periodic-q057; periodic-q062; periodic-q073; periodic-q079","multiple-choice; short-answer; long-answer; classification; matching; ordering","knowledgeOrganiser","C2 Chapter 1: The Periodic Table Knowledge Organiser (user-supplied image; registered on the site as Year 8 Science Chapter 3): Group 0","","Covered","The definition appears on its dedicated flashcard; meaning or usage is tested by the listed generated quiz coverage set."
