"Section ID","Section","Knowledge point or skill","Knowledge point type","Learn content","Mind Map branch","Flashcard ID","Flashcard type","Flashcard Front","Flashcard Back","Front quality","Source alignment","Quiz question ID","Quiz question type","Source type","Source reference","Teacher original question ID","Coverage status","Notes"
"y8sci-electricity-charging","Charging Up","Static electricity is produced when insulators are rubbed together and electrons are transferred.","Fact","Static electricity is produced when insulators are rubbed together and electrons are transferred.","Charging Up","y8sci-electricity-charging-fact-1","Fact","How is static electricity produced when two insulators are rubbed together?","Static electricity is produced when insulators are rubbed together and electrons are transferred.","Specific","Exact","electricity-magnetism-q024","short-answer","knowledgeOrganiser","P2 Chapter 1: Electricity and magnetism Knowledge organiser (user-supplied image; registered on the site as Year 8 Science Chapter 5): Charging up","N/A","Covered","Learn, Mind Map, Flashcard and Quiz mapping verified."
"y8sci-electricity-charging","Charging Up","The organiser states that transferred electrons give the objects magnetic charges; this wording is retained with the user's explicit approval.","Fact","The organiser states that transferred electrons give the objects magnetic charges; this wording is retained with the user's explicit approval.","Charging Up","y8sci-electricity-charging-fact-2","Fact","According to the organiser, what kind of charges are given to objects when electrons transfer?","The organiser states that transferred electrons give the objects magnetic charges; this wording is retained with the user's explicit approval.","Specific","Exact","electricity-magnetism-q024","short-answer","knowledgeOrganiser","P2 Chapter 1: Electricity and magnetism Knowledge organiser (user-supplied image; registered on the site as Year 8 Science Chapter 5): Charging up","N/A","Covered","Learn, Mind Map, Flashcard and Quiz mapping verified."
"y8sci-electricity-charging","Charging Up","Like charges repel, while opposite charges attract.","Fact","Like charges repel, while opposite charges attract.","Charging Up","y8sci-electricity-charging-fact-3","Fact","How do like charges and opposite charges behave?","Like charges repel, while opposite charges attract.","Specific","Exact","electricity-magnetism-q025","short-answer","knowledgeOrganiser","P2 Chapter 1: Electricity and magnetism Knowledge organiser (user-supplied image; registered on the site as Year 8 Science Chapter 5): Charging up","N/A","Covered","Learn, Mind Map, Flashcard and Quiz mapping verified."
"y8sci-electricity-charging","Charging Up","Charged objects have electric fields around them, and field lines show how a positive charge will act.","Fact","Charged objects have electric fields around them, and field lines show how a positive charge will act.","Charging Up","y8sci-electricity-charging-fact-4","Fact","What surrounds a charged object, and what do its field lines show?","Charged objects have electric fields around them, and field lines show how a positive charge will act.","Specific","Exact","electricity-magnetism-q026","short-answer","knowledgeOrganiser","P2 Chapter 1: Electricity and magnetism Knowledge organiser (user-supplied image; registered on the site as Year 8 Science Chapter 5): Charging up","N/A","Covered","Learn, Mind Map, Flashcard and Quiz mapping verified."
"y8sci-electricity-charging","Charging Up","static electricity","Vocabulary","static electricity","Charging Up","y8sci-electricity-charging-term-1","Vocabulary","Define static electricity.","A build-up of charge caused when electrons are transferred as insulators are rubbed together.","Specific","Approved faithful version","electricity-magnetism-q024","short-answer","knowledgeOrganiser","P2 Chapter 1: Electricity and magnetism Knowledge organiser (user-supplied image; registered on the site as Year 8 Science Chapter 5): Key terms — static electricity","N/A","Covered","Definition is source-faithful and suitable for Year 8 retrieval practice."
"y8sci-electricity-charging","Charging Up","electron","Vocabulary","electron","Charging Up","y8sci-electricity-charging-term-2","Vocabulary","Define electron.","A negatively charged particle that can be transferred when insulators are rubbed together.","Specific","Approved faithful version","electricity-magnetism-q024","short-answer","knowledgeOrganiser","P2 Chapter 1: Electricity and magnetism Knowledge organiser (user-supplied image; registered on the site as Year 8 Science Chapter 5): Key terms — electron","N/A","Covered","Definition is source-faithful and suitable for Year 8 retrieval practice."
"y8sci-electricity-charging","Charging Up","electric field","Vocabulary","electric field","Charging Up","y8sci-electricity-charging-term-3","Vocabulary","Define electric field.","The region around a charged object in which another charge experiences a force.","Specific","Approved faithful version","electricity-magnetism-q053","matching","knowledgeOrganiser","P2 Chapter 1: Electricity and magnetism Knowledge organiser (user-supplied image; registered on the site as Year 8 Science Chapter 5): Key terms — electric field","N/A","Covered","Definition is source-faithful and suitable for Year 8 retrieval practice."
"y8sci-electricity-charging","Charging Up","attract","Vocabulary","attract","Charging Up","y8sci-electricity-charging-term-4","Vocabulary","Define attract.","To pull towards another object or pole.","Specific","Approved faithful version","electricity-magnetism-q053","matching","knowledgeOrganiser","P2 Chapter 1: Electricity and magnetism Knowledge organiser (user-supplied image; registered on the site as Year 8 Science Chapter 5): Key terms — attract","N/A","Covered","Definition is source-faithful and suitable for Year 8 retrieval practice."
"y8sci-electricity-charging","Charging Up","repel","Vocabulary","repel","Charging Up","y8sci-electricity-charging-term-5","Vocabulary","Define repel.","To push away from another object or pole.","Specific","Approved faithful version","electricity-magnetism-q053","matching","knowledgeOrganiser","P2 Chapter 1: Electricity and magnetism Knowledge organiser (user-supplied image; registered on the site as Year 8 Science Chapter 5): Key terms — repel","N/A","Covered","Definition is source-faithful and suitable for Year 8 retrieval practice."
"y8sci-electricity-charging","Charging Up","insulator","Vocabulary","insulator","Charging Up","y8sci-electricity-charging-term-6","Vocabulary","Define insulator.","A material with high resistance through which current does not pass easily.","Specific","Approved faithful version","electricity-magnetism-q059","classification","knowledgeOrganiser","P2 Chapter 1: Electricity and magnetism Knowledge organiser (user-supplied image; registered on the site as Year 8 Science Chapter 5): Key terms — insulator","N/A","Covered","Definition is source-faithful and suitable for Year 8 retrieval practice."
"y8sci-electricity-current","Circuits and Current","Current is the amount of charge flowing per second.","Fact","Current is the amount of charge flowing per second.","Circuits and Current","y8sci-electricity-current-fact-1","Fact","What does electric current measure?","Current is the amount of charge flowing per second.","Specific","Exact","electricity-magnetism-q027","short-answer","knowledgeOrganiser","P2 Chapter 1: Electricity and magnetism Knowledge organiser (user-supplied image; registered on the site as Year 8 Science Chapter 5): Circuits and currents","N/A","Covered","Learn, Mind Map, Flashcard and Quiz mapping verified."
"y8sci-electricity-current","Circuits and Current","Current is measured with an ammeter connected in series.","Fact","Current is measured with an ammeter connected in series.","Circuits and Current","y8sci-electricity-current-fact-2","Fact","Which instrument measures current, and how is it connected?","Current is measured with an ammeter connected in series.","Specific","Exact","electricity-magnetism-q028","short-answer","knowledgeOrganiser","P2 Chapter 1: Electricity and magnetism Knowledge organiser (user-supplied image; registered on the site as Year 8 Science Chapter 5): Circuits and currents","N/A","Covered","Learn, Mind Map, Flashcard and Quiz mapping verified."
"y8sci-electricity-current","Circuits and Current","The unit for current is the amp, with the symbol A.","Fact","The unit for current is the amp, with the symbol A.","Circuits and Current","y8sci-electricity-current-fact-3","Fact","What is the unit and symbol for current?","The unit for current is the amp, with the symbol A.","Specific","Exact","electricity-magnetism-q027","short-answer","knowledgeOrganiser","P2 Chapter 1: Electricity and magnetism Knowledge organiser (user-supplied image; registered on the site as Year 8 Science Chapter 5): Circuits and currents","N/A","Covered","Learn, Mind Map, Flashcard and Quiz mapping verified."
"y8sci-electricity-current","Circuits and Current","current","Vocabulary","current","Circuits and Current","y8sci-electricity-current-term-1","Vocabulary","Define current.","The amount of charge flowing per second.","Specific","Approved faithful version","electricity-magnetism-q052","matching","knowledgeOrganiser","P2 Chapter 1: Electricity and magnetism Knowledge organiser (user-supplied image; registered on the site as Year 8 Science Chapter 5): Key terms — current","N/A","Covered","Definition is source-faithful and suitable for Year 8 retrieval practice."
"y8sci-electricity-current","Circuits and Current","ammeter","Vocabulary","ammeter","Circuits and Current","y8sci-electricity-current-term-2","Vocabulary","Define ammeter.","A device used to measure current; it is connected in series.","Specific","Approved faithful version","electricity-magnetism-q052","matching","knowledgeOrganiser","P2 Chapter 1: Electricity and magnetism Knowledge organiser (user-supplied image; registered on the site as Year 8 Science Chapter 5): Key terms — ammeter","N/A","Covered","Definition is source-faithful and suitable for Year 8 retrieval practice."
"y8sci-electricity-pd-resistance","Potential Difference and Resistance","Potential difference is the amount of energy transferred by the charges in a circuit.","Fact","Potential difference is the amount of energy transferred by the charges in a circuit.","Potential Difference and Resistance","y8sci-electricity-pd-resistance-fact-1","Fact","What does potential difference describe in a circuit?","Potential difference is the amount of energy transferred by the charges in a circuit.","Specific","Exact","electricity-magnetism-q030","short-answer","knowledgeOrganiser","P2 Chapter 1: Electricity and magnetism Knowledge organiser (user-supplied image; registered on the site as Year 8 Science Chapter 5): Potential difference and Resistance","N/A","Covered","Learn, Mind Map, Flashcard and Quiz mapping verified."
"y8sci-electricity-pd-resistance","Potential Difference and Resistance","Potential difference is measured with a voltmeter connected in parallel.","Fact","Potential difference is measured with a voltmeter connected in parallel.","Potential Difference and Resistance","y8sci-electricity-pd-resistance-fact-2","Fact","Which instrument measures potential difference, and how is it connected?","Potential difference is measured with a voltmeter connected in parallel.","Specific","Exact","electricity-magnetism-q031","short-answer","knowledgeOrganiser","P2 Chapter 1: Electricity and magnetism Knowledge organiser (user-supplied image; registered on the site as Year 8 Science Chapter 5): Potential difference and Resistance","N/A","Covered","Learn, Mind Map, Flashcard and Quiz mapping verified."
"y8sci-electricity-pd-resistance","Potential Difference and Resistance","The unit for potential difference is the volt, with the symbol V.","Fact","The unit for potential difference is the volt, with the symbol V.","Potential Difference and Resistance","y8sci-electricity-pd-resistance-fact-3","Fact","What is the unit and symbol for potential difference?","The unit for potential difference is the volt, with the symbol V.","Specific","Exact","electricity-magnetism-q030","short-answer","knowledgeOrganiser","P2 Chapter 1: Electricity and magnetism Knowledge organiser (user-supplied image; registered on the site as Year 8 Science Chapter 5): Potential difference and Resistance","N/A","Covered","Learn, Mind Map, Flashcard and Quiz mapping verified."
"y8sci-electricity-pd-resistance","Potential Difference and Resistance","Resistance is a measure of how easy it is for current to pass through a component.","Fact","Resistance is a measure of how easy it is for current to pass through a component.","Potential Difference and Resistance","y8sci-electricity-pd-resistance-fact-4","Fact","What does electrical resistance measure?","Resistance is a measure of how easy it is for current to pass through a component.","Specific","Exact","electricity-magnetism-q033","short-answer","knowledgeOrganiser","P2 Chapter 1: Electricity and magnetism Knowledge organiser (user-supplied image; registered on the site as Year 8 Science Chapter 5): Potential difference and Resistance","N/A","Covered","Learn, Mind Map, Flashcard and Quiz mapping verified."
"y8sci-electricity-pd-resistance","Potential Difference and Resistance","Conductors have low resistance.","Fact","Conductors have low resistance.","Potential Difference and Resistance","y8sci-electricity-pd-resistance-fact-5","Fact","What level of resistance do conductors have?","Conductors have low resistance.","Specific","Exact","electricity-magnetism-q032","short-answer","knowledgeOrganiser","P2 Chapter 1: Electricity and magnetism Knowledge organiser (user-supplied image; registered on the site as Year 8 Science Chapter 5): Potential difference and Resistance","N/A","Covered","Learn, Mind Map, Flashcard and Quiz mapping verified."
"y8sci-electricity-pd-resistance","Potential Difference and Resistance","Insulators have high resistance.","Fact","Insulators have high resistance.","Potential Difference and Resistance","y8sci-electricity-pd-resistance-fact-6","Fact","What level of resistance do insulators have?","Insulators have high resistance.","Specific","Exact","electricity-magnetism-q032","short-answer","knowledgeOrganiser","P2 Chapter 1: Electricity and magnetism Knowledge organiser (user-supplied image; registered on the site as Year 8 Science Chapter 5): Potential difference and Resistance","N/A","Covered","Learn, Mind Map, Flashcard and Quiz mapping verified."
"y8sci-electricity-pd-resistance","Potential Difference and Resistance","Resistance is calculated by measuring potential difference and current.","Fact","Resistance is calculated by measuring potential difference and current.","Potential Difference and Resistance","y8sci-electricity-pd-resistance-fact-7","Fact","Which two quantities must be measured to calculate resistance?","Resistance is calculated by measuring potential difference and current.","Specific","Exact","electricity-magnetism-q033","short-answer","knowledgeOrganiser","P2 Chapter 1: Electricity and magnetism Knowledge organiser (user-supplied image; registered on the site as Year 8 Science Chapter 5): Potential difference and Resistance","N/A","Covered","Learn, Mind Map, Flashcard and Quiz mapping verified."
"y8sci-electricity-pd-resistance","Potential Difference and Resistance","Resistance in ohms equals potential difference in volts divided by current in amps: R = V ÷ I.","Equation","Resistance in ohms equals potential difference in volts divided by current in amps: R = V ÷ I.","Potential Difference and Resistance","y8sci-electricity-pd-resistance-fact-8","Fact","What equation links resistance, potential difference and current?","Resistance in ohms equals potential difference in volts divided by current in amps: R = V ÷ I.","Specific","Exact","electricity-magnetism-q033","short-answer","knowledgeOrganiser","P2 Chapter 1: Electricity and magnetism Knowledge organiser (user-supplied image; registered on the site as Year 8 Science Chapter 5): Potential difference and Resistance","N/A","Covered","Learn, Mind Map, Flashcard and Quiz mapping verified."
"y8sci-electricity-pd-resistance","Potential Difference and Resistance","The unit for resistance is the ohm, with the symbol Ω.","Fact","The unit for resistance is the ohm, with the symbol Ω.","Potential Difference and Resistance","y8sci-electricity-pd-resistance-fact-9","Fact","What is the unit and symbol for resistance?","The unit for resistance is the ohm, with the symbol Ω.","Specific","Exact","electricity-magnetism-q033","short-answer","knowledgeOrganiser","P2 Chapter 1: Electricity and magnetism Knowledge organiser (user-supplied image; registered on the site as Year 8 Science Chapter 5): Potential difference and Resistance","N/A","Covered","Learn, Mind Map, Flashcard and Quiz mapping verified."
"y8sci-electricity-pd-resistance","Potential Difference and Resistance","potential difference","Vocabulary","potential difference","Potential Difference and Resistance","y8sci-electricity-pd-resistance-term-1","Vocabulary","Define potential difference.","The amount of energy transferred by charges in a circuit.","Specific","Approved faithful version","electricity-magnetism-q052","matching","knowledgeOrganiser","P2 Chapter 1: Electricity and magnetism Knowledge organiser (user-supplied image; registered on the site as Year 8 Science Chapter 5): Key terms — potential difference","N/A","Covered","Definition is source-faithful and suitable for Year 8 retrieval practice."
"y8sci-electricity-pd-resistance","Potential Difference and Resistance","voltmeter","Vocabulary","voltmeter","Potential Difference and Resistance","y8sci-electricity-pd-resistance-term-2","Vocabulary","Define voltmeter.","A device used to measure potential difference; it is connected in parallel.","Specific","Approved faithful version","electricity-magnetism-q052","matching","knowledgeOrganiser","P2 Chapter 1: Electricity and magnetism Knowledge organiser (user-supplied image; registered on the site as Year 8 Science Chapter 5): Key terms — voltmeter","N/A","Covered","Definition is source-faithful and suitable for Year 8 retrieval practice."
"y8sci-electricity-pd-resistance","Potential Difference and Resistance","volt","Vocabulary","volt","Potential Difference and Resistance","y8sci-electricity-pd-resistance-term-3","Vocabulary","Define volt.","The unit of potential difference, with the symbol V.","Specific","Approved faithful version","electricity-magnetism-q052","matching","knowledgeOrganiser","P2 Chapter 1: Electricity and magnetism Knowledge organiser (user-supplied image; registered on the site as Year 8 Science Chapter 5): Key terms — volt","N/A","Covered","Definition is source-faithful and suitable for Year 8 retrieval practice."
"y8sci-electricity-pd-resistance","Potential Difference and Resistance","resistance","Vocabulary","resistance","Potential Difference and Resistance","y8sci-electricity-pd-resistance-term-4","Vocabulary","Define resistance.","A measure of how easy it is for current to pass through a component.","Specific","Approved faithful version","electricity-magnetism-q056","fill-in-the-blank","knowledgeOrganiser","P2 Chapter 1: Electricity and magnetism Knowledge organiser (user-supplied image; registered on the site as Year 8 Science Chapter 5): Key terms — resistance","N/A","Covered","Definition is source-faithful and suitable for Year 8 retrieval practice."
"y8sci-electricity-pd-resistance","Potential Difference and Resistance","ohm","Vocabulary","ohm","Potential Difference and Resistance","y8sci-electricity-pd-resistance-term-5","Vocabulary","Define ohm.","The unit of resistance, with the symbol Ω.","Specific","Approved faithful version","electricity-magnetism-q052","matching","knowledgeOrganiser","P2 Chapter 1: Electricity and magnetism Knowledge organiser (user-supplied image; registered on the site as Year 8 Science Chapter 5): Key terms — ohm","N/A","Covered","Definition is source-faithful and suitable for Year 8 retrieval practice."
"y8sci-electricity-pd-resistance","Potential Difference and Resistance","conductor","Vocabulary","conductor","Potential Difference and Resistance","y8sci-electricity-pd-resistance-term-6","Vocabulary","Define conductor.","A material or component with low resistance, so current can pass through it easily.","Specific","Approved faithful version","electricity-magnetism-q059","classification","knowledgeOrganiser","P2 Chapter 1: Electricity and magnetism Knowledge organiser (user-supplied image; registered on the site as Year 8 Science Chapter 5): Key terms — conductor","N/A","Covered","Definition is source-faithful and suitable for Year 8 retrieval practice."
"y8sci-electricity-series-parallel","Series and Parallel Circuits","In a series circuit, all components are connected in one loop.","Fact","In a series circuit, all components are connected in one loop.","Series and Parallel Circuits","y8sci-electricity-series-parallel-fact-1","Fact","How are components connected in a series circuit?","In a series circuit, all components are connected in one loop.","Specific","Exact","electricity-magnetism-q034","short-answer","knowledgeOrganiser","P2 Chapter 1: Electricity and magnetism Knowledge organiser (user-supplied image; registered on the site as Year 8 Science Chapter 5): Series and parallel circuits","N/A","Covered","Learn, Mind Map, Flashcard and Quiz mapping verified."
"y8sci-electricity-series-parallel","Series and Parallel Circuits","If one component or wire breaks in a series circuit, current stops flowing everywhere.","Fact","If one component or wire breaks in a series circuit, current stops flowing everywhere.","Series and Parallel Circuits","y8sci-electricity-series-parallel-fact-2","Fact","What happens to current if one component or wire breaks in a series circuit?","If one component or wire breaks in a series circuit, current stops flowing everywhere.","Specific","Exact","electricity-magnetism-q034","short-answer","knowledgeOrganiser","P2 Chapter 1: Electricity and magnetism Knowledge organiser (user-supplied image; registered on the site as Year 8 Science Chapter 5): Series and parallel circuits","N/A","Covered","Learn, Mind Map, Flashcard and Quiz mapping verified."
"y8sci-electricity-series-parallel","Series and Parallel Circuits","A series circuit contains only one loop.","Fact","A series circuit contains only one loop.","Series and Parallel Circuits","y8sci-electricity-series-parallel-fact-3","Fact","How many loops does a series circuit contain?","A series circuit contains only one loop.","Specific","Exact","electricity-magnetism-q034","short-answer","knowledgeOrganiser","P2 Chapter 1: Electricity and magnetism Knowledge organiser (user-supplied image; registered on the site as Year 8 Science Chapter 5): Series and parallel circuits","N/A","Covered","Learn, Mind Map, Flashcard and Quiz mapping verified."
"y8sci-electricity-series-parallel","Series and Parallel Circuits","Current is the same everywhere in a series circuit.","Fact","Current is the same everywhere in a series circuit.","Series and Parallel Circuits","y8sci-electricity-series-parallel-fact-4","Fact","How does current vary around a series circuit?","Current is the same everywhere in a series circuit.","Specific","Exact","electricity-magnetism-q035","short-answer","knowledgeOrganiser","P2 Chapter 1: Electricity and magnetism Knowledge organiser (user-supplied image; registered on the site as Year 8 Science Chapter 5): Series and parallel circuits","N/A","Covered","Learn, Mind Map, Flashcard and Quiz mapping verified."
"y8sci-electricity-series-parallel","Series and Parallel Circuits","The potential differences across components in series add up to the potential difference across the battery.","Fact","The potential differences across components in series add up to the potential difference across the battery.","Series and Parallel Circuits","y8sci-electricity-series-parallel-fact-5","Fact","How do component potential differences relate to the battery potential difference in series?","The potential differences across components in series add up to the potential difference across the battery.","Specific","Exact","electricity-magnetism-q035","short-answer","knowledgeOrganiser","P2 Chapter 1: Electricity and magnetism Knowledge organiser (user-supplied image; registered on the site as Year 8 Science Chapter 5): Series and parallel circuits","N/A","Covered","Learn, Mind Map, Flashcard and Quiz mapping verified."
"y8sci-electricity-series-parallel","Series and Parallel Circuits","A parallel circuit contains multiple branches.","Fact","A parallel circuit contains multiple branches.","Series and Parallel Circuits","y8sci-electricity-series-parallel-fact-6","Fact","What structural feature does a parallel circuit have?","A parallel circuit contains multiple branches.","Specific","Exact","electricity-magnetism-q036","short-answer","knowledgeOrganiser","P2 Chapter 1: Electricity and magnetism Knowledge organiser (user-supplied image; registered on the site as Year 8 Science Chapter 5): Series and parallel circuits","N/A","Covered","Learn, Mind Map, Flashcard and Quiz mapping verified."
"y8sci-electricity-series-parallel","Series and Parallel Circuits","The currents in all parallel branches add up to make the total current.","Fact","The currents in all parallel branches add up to make the total current.","Series and Parallel Circuits","y8sci-electricity-series-parallel-fact-7","Fact","How are the currents in parallel branches related to total current?","The currents in all parallel branches add up to make the total current.","Specific","Exact","electricity-magnetism-q036","short-answer","knowledgeOrganiser","P2 Chapter 1: Electricity and magnetism Knowledge organiser (user-supplied image; registered on the site as Year 8 Science Chapter 5): Series and parallel circuits","N/A","Covered","Learn, Mind Map, Flashcard and Quiz mapping verified."
"y8sci-electricity-series-parallel","Series and Parallel Circuits","The potential difference across each parallel component is the same as the potential difference across the battery.","Fact","The potential difference across each parallel component is the same as the potential difference across the battery.","Series and Parallel Circuits","y8sci-electricity-series-parallel-fact-8","Fact","How does the potential difference across a parallel component compare with the battery?","The potential difference across each parallel component is the same as the potential difference across the battery.","Specific","Exact","electricity-magnetism-q036","short-answer","knowledgeOrganiser","P2 Chapter 1: Electricity and magnetism Knowledge organiser (user-supplied image; registered on the site as Year 8 Science Chapter 5): Series and parallel circuits","N/A","Covered","Learn, Mind Map, Flashcard and Quiz mapping verified."
"y8sci-electricity-series-parallel","Series and Parallel Circuits","series","Vocabulary","series","Series and Parallel Circuits","y8sci-electricity-series-parallel-term-1","Vocabulary","Define series.","A circuit arrangement in which all components are connected in one loop.","Specific","Approved faithful version","electricity-magnetism-q058","classification","knowledgeOrganiser","P2 Chapter 1: Electricity and magnetism Knowledge organiser (user-supplied image; registered on the site as Year 8 Science Chapter 5): Key terms — series","N/A","Covered","Definition is source-faithful and suitable for Year 8 retrieval practice."
"y8sci-electricity-series-parallel","Series and Parallel Circuits","parallel","Vocabulary","parallel","Series and Parallel Circuits","y8sci-electricity-series-parallel-term-2","Vocabulary","Define parallel.","A circuit arrangement with multiple branches.","Specific","Approved faithful version","electricity-magnetism-q058","classification","knowledgeOrganiser","P2 Chapter 1: Electricity and magnetism Knowledge organiser (user-supplied image; registered on the site as Year 8 Science Chapter 5): Key terms — parallel","N/A","Covered","Definition is source-faithful and suitable for Year 8 retrieval practice."
"y8sci-electricity-magnets","Magnets and Magnetic Fields","Magnets have north and south poles.","Fact","Magnets have north and south poles.","Magnets and Magnetic Fields","y8sci-electricity-magnets-fact-1","Fact","Which two poles does every magnet have?","Magnets have north and south poles.","Specific","Exact","electricity-magnetism-q037","short-answer","knowledgeOrganiser","P2 Chapter 1: Electricity and magnetism Knowledge organiser (user-supplied image; registered on the site as Year 8 Science Chapter 5): Magnets and Magnetic fields","N/A","Covered","Learn, Mind Map, Flashcard and Quiz mapping verified."
"y8sci-electricity-magnets","Magnets and Magnetic Fields","Opposite magnetic poles attract, while the same magnetic poles repel.","Fact","Opposite magnetic poles attract, while the same magnetic poles repel.","Magnets and Magnetic Fields","y8sci-electricity-magnets-fact-2","Fact","How do opposite magnetic poles and the same magnetic poles behave?","Opposite magnetic poles attract, while the same magnetic poles repel.","Specific","Exact","electricity-magnetism-q037","short-answer","knowledgeOrganiser","P2 Chapter 1: Electricity and magnetism Knowledge organiser (user-supplied image; registered on the site as Year 8 Science Chapter 5): Magnets and Magnetic fields","N/A","Covered","Learn, Mind Map, Flashcard and Quiz mapping verified."
"y8sci-electricity-magnets","Magnets and Magnetic Fields","A magnet has a magnetic field around it.","Fact","A magnet has a magnetic field around it.","Magnets and Magnetic Fields","y8sci-electricity-magnets-fact-3","Fact","What surrounds a magnet?","A magnet has a magnetic field around it.","Specific","Exact","electricity-magnetism-q038","short-answer","knowledgeOrganiser","P2 Chapter 1: Electricity and magnetism Knowledge organiser (user-supplied image; registered on the site as Year 8 Science Chapter 5): Magnets and Magnetic fields","N/A","Covered","Learn, Mind Map, Flashcard and Quiz mapping verified."
"y8sci-electricity-magnets","Magnets and Magnetic Fields","The magnetic field around a bar magnet can be seen using a small compass or iron filings.","Fact","The magnetic field around a bar magnet can be seen using a small compass or iron filings.","Magnets and Magnetic Fields","y8sci-electricity-magnets-fact-4","Fact","How can the magnetic field around a bar magnet be made visible?","The magnetic field around a bar magnet can be seen using a small compass or iron filings.","Specific","Exact","electricity-magnetism-q038","short-answer","knowledgeOrganiser","P2 Chapter 1: Electricity and magnetism Knowledge organiser (user-supplied image; registered on the site as Year 8 Science Chapter 5): Magnets and Magnetic fields","N/A","Covered","Learn, Mind Map, Flashcard and Quiz mapping verified."
"y8sci-electricity-magnets","Magnets and Magnetic Fields","When magnetic field lines are closer together, the magnetic field is stronger.","Fact","When magnetic field lines are closer together, the magnetic field is stronger.","Magnets and Magnetic Fields","y8sci-electricity-magnets-fact-5","Fact","What does closer spacing between magnetic field lines show?","When magnetic field lines are closer together, the magnetic field is stronger.","Specific","Exact","electricity-magnetism-q038","short-answer","knowledgeOrganiser","P2 Chapter 1: Electricity and magnetism Knowledge organiser (user-supplied image; registered on the site as Year 8 Science Chapter 5): Magnets and Magnetic fields","N/A","Covered","Learn, Mind Map, Flashcard and Quiz mapping verified."
"y8sci-electricity-magnets","Magnets and Magnetic Fields","The Earth has a magnetic field and acts like a big bar magnet, with the south pole at the top of the planet.","Fact","The Earth has a magnetic field and acts like a big bar magnet, with the south pole at the top of the planet.","Magnets and Magnetic Fields","y8sci-electricity-magnets-fact-6","Fact","How does the organiser describe the Earth's magnetic field and its pole at the top of the planet?","The Earth has a magnetic field and acts like a big bar magnet, with the south pole at the top of the planet.","Specific","Exact","electricity-magnetism-q039","short-answer","knowledgeOrganiser","P2 Chapter 1: Electricity and magnetism Knowledge organiser (user-supplied image; registered on the site as Year 8 Science Chapter 5): Magnets and Magnetic fields","N/A","Covered","Learn, Mind Map, Flashcard and Quiz mapping verified."
"y8sci-electricity-magnets","Magnets and Magnetic Fields","magnet","Vocabulary","magnet","Magnets and Magnetic Fields","y8sci-electricity-magnets-term-1","Vocabulary","Define magnet.","An object with a magnetic field and north and south poles.","Specific","Approved faithful version","electricity-magnetism-q053","matching","knowledgeOrganiser","P2 Chapter 1: Electricity and magnetism Knowledge organiser (user-supplied image; registered on the site as Year 8 Science Chapter 5): Key terms — magnet","N/A","Covered","Definition is source-faithful and suitable for Year 8 retrieval practice."
"y8sci-electricity-magnets","Magnets and Magnetic Fields","magnetic field line","Vocabulary","magnetic field line","Magnets and Magnetic Fields","y8sci-electricity-magnets-term-2","Vocabulary","Define magnetic field line.","A line used to represent a magnetic field; closer lines show a stronger field.","Specific","Approved faithful version","electricity-magnetism-q053","matching","knowledgeOrganiser","P2 Chapter 1: Electricity and magnetism Knowledge organiser (user-supplied image; registered on the site as Year 8 Science Chapter 5): Key terms — magnetic field line","N/A","Covered","Definition is source-faithful and suitable for Year 8 retrieval practice."
"y8sci-electricity-magnets","Magnets and Magnetic Fields","north pole","Vocabulary","north pole","Magnets and Magnetic Fields","y8sci-electricity-magnets-term-3","Vocabulary","Define north pole.","One end of a magnet; it attracts a south pole and repels another north pole.","Specific","Approved faithful version","electricity-magnetism-q037","short-answer","knowledgeOrganiser","P2 Chapter 1: Electricity and magnetism Knowledge organiser (user-supplied image; registered on the site as Year 8 Science Chapter 5): Key terms — north pole","N/A","Covered","Definition is source-faithful and suitable for Year 8 retrieval practice."
"y8sci-electricity-magnets","Magnets and Magnetic Fields","south pole","Vocabulary","south pole","Magnets and Magnetic Fields","y8sci-electricity-magnets-term-4","Vocabulary","Define south pole.","One end of a magnet; it attracts a north pole and repels another south pole.","Specific","Approved faithful version","electricity-magnetism-q037","short-answer","knowledgeOrganiser","P2 Chapter 1: Electricity and magnetism Knowledge organiser (user-supplied image; registered on the site as Year 8 Science Chapter 5): Key terms — south pole","N/A","Covered","Definition is source-faithful and suitable for Year 8 retrieval practice."
"y8sci-electricity-electromagnets","Electromagnets","Electromagnets are magnetic only when current flows, so they can be turned off.","Fact","Electromagnets are magnetic only when current flows, so they can be turned off.","Electromagnets","y8sci-electricity-electromagnets-fact-1","Fact","When is an electromagnet magnetic, and why can it be turned off?","Electromagnets are magnetic only when current flows, so they can be turned off.","Specific","Exact","electricity-magnetism-q040","short-answer","knowledgeOrganiser","P2 Chapter 1: Electricity and magnetism Knowledge organiser (user-supplied image; registered on the site as Year 8 Science Chapter 5): Electromagnets","N/A","Covered","Learn, Mind Map, Flashcard and Quiz mapping verified."
"y8sci-electricity-electromagnets","Electromagnets","An electromagnet is made by running a current through a coil of wire.","Fact","An electromagnet is made by running a current through a coil of wire.","Electromagnets","y8sci-electricity-electromagnets-fact-2","Fact","How is an electromagnet made from a coil of wire?","An electromagnet is made by running a current through a coil of wire.","Specific","Exact","electricity-magnetism-q041","short-answer","knowledgeOrganiser","P2 Chapter 1: Electricity and magnetism Knowledge organiser (user-supplied image; registered on the site as Year 8 Science Chapter 5): Electromagnets","N/A","Covered","Learn, Mind Map, Flashcard and Quiz mapping verified."
"y8sci-electricity-electromagnets","Electromagnets","An iron core in the middle of the coil makes an electromagnet stronger.","Fact","An iron core in the middle of the coil makes an electromagnet stronger.","Electromagnets","y8sci-electricity-electromagnets-fact-3","Fact","How does an iron core affect an electromagnet?","An iron core in the middle of the coil makes an electromagnet stronger.","Specific","Exact","electricity-magnetism-q041","short-answer","knowledgeOrganiser","P2 Chapter 1: Electricity and magnetism Knowledge organiser (user-supplied image; registered on the site as Year 8 Science Chapter 5): Electromagnets","N/A","Covered","Learn, Mind Map, Flashcard and Quiz mapping verified."
"y8sci-electricity-electromagnets","Electromagnets","Adding more turns of wire to the coil makes an electromagnet stronger.","Fact","Adding more turns of wire to the coil makes an electromagnet stronger.","Electromagnets","y8sci-electricity-electromagnets-fact-4","Fact","How does adding more turns of wire affect an electromagnet?","Adding more turns of wire to the coil makes an electromagnet stronger.","Specific","Exact","electricity-magnetism-q042","short-answer","knowledgeOrganiser","P2 Chapter 1: Electricity and magnetism Knowledge organiser (user-supplied image; registered on the site as Year 8 Science Chapter 5): Electromagnets","N/A","Covered","Learn, Mind Map, Flashcard and Quiz mapping verified."
"y8sci-electricity-electromagnets","Electromagnets","Using more current makes an electromagnet stronger.","Fact","Using more current makes an electromagnet stronger.","Electromagnets","y8sci-electricity-electromagnets-fact-5","Fact","How does increasing current affect an electromagnet?","Using more current makes an electromagnet stronger.","Specific","Exact","electricity-magnetism-q042","short-answer","knowledgeOrganiser","P2 Chapter 1: Electricity and magnetism Knowledge organiser (user-supplied image; registered on the site as Year 8 Science Chapter 5): Electromagnets","N/A","Covered","Learn, Mind Map, Flashcard and Quiz mapping verified."
"y8sci-electricity-electromagnets","Electromagnets","electromagnet","Vocabulary","electromagnet","Electromagnets","y8sci-electricity-electromagnets-term-1","Vocabulary","Define electromagnet.","A magnet made by passing current through a coil of wire; it is magnetic only while current flows.","Specific","Approved faithful version","electricity-magnetism-q054","matching","knowledgeOrganiser","P2 Chapter 1: Electricity and magnetism Knowledge organiser (user-supplied image; registered on the site as Year 8 Science Chapter 5): Key terms — electromagnet","N/A","Covered","Definition is source-faithful and suitable for Year 8 retrieval practice."
"y8sci-electricity-uses-motors","Uses of Electromagnets and Motors","Electromagnets can be used for moving cars or other metal objects.","Example","Electromagnets can be used for moving cars or other metal objects.","Uses of Electromagnets and Motors","y8sci-electricity-uses-motors-fact-1","Fact","How can electromagnets be used to move metal objects?","Electromagnets can be used for moving cars or other metal objects.","Specific","Exact","electricity-magnetism-q043","short-answer","knowledgeOrganiser","P2 Chapter 1: Electricity and magnetism Knowledge organiser (user-supplied image; registered on the site as Year 8 Science Chapter 5): Uses of electromagnets and How motors work","N/A","Covered","Learn, Mind Map, Flashcard and Quiz mapping verified."
"y8sci-electricity-uses-motors","Uses of Electromagnets and Motors","Electromagnets can sort iron and steel from aluminium.","Fact","Electromagnets can sort iron and steel from aluminium.","Uses of Electromagnets and Motors","y8sci-electricity-uses-motors-fact-2","Fact","How can electromagnets separate iron and steel from aluminium?","Electromagnets can sort iron and steel from aluminium.","Specific","Exact","electricity-magnetism-q043","short-answer","knowledgeOrganiser","P2 Chapter 1: Electricity and magnetism Knowledge organiser (user-supplied image; registered on the site as Year 8 Science Chapter 5): Uses of electromagnets and How motors work","N/A","Covered","Learn, Mind Map, Flashcard and Quiz mapping verified."
"y8sci-electricity-uses-motors","Uses of Electromagnets and Motors","Electromagnets are used to make motors and speakers.","Example","Electromagnets are used to make motors and speakers.","Uses of Electromagnets and Motors","y8sci-electricity-uses-motors-fact-3","Fact","Which two devices can be made using electromagnets?","Electromagnets are used to make motors and speakers.","Specific","Exact","electricity-magnetism-q043","short-answer","knowledgeOrganiser","P2 Chapter 1: Electricity and magnetism Knowledge organiser (user-supplied image; registered on the site as Year 8 Science Chapter 5): Uses of electromagnets and How motors work","N/A","Covered","Learn, Mind Map, Flashcard and Quiz mapping verified."
"y8sci-electricity-uses-motors","Uses of Electromagnets and Motors","Electromagnets are used to make levitating trains, which travel much faster because there is no friction.","Example","Electromagnets are used to make levitating trains, which travel much faster because there is no friction.","Uses of Electromagnets and Motors","y8sci-electricity-uses-motors-fact-4","Fact","Why can electromagnet-based levitating trains travel much faster?","Electromagnets are used to make levitating trains, which travel much faster because there is no friction.","Specific","Exact","electricity-magnetism-q045","short-answer","knowledgeOrganiser","P2 Chapter 1: Electricity and magnetism Knowledge organiser (user-supplied image; registered on the site as Year 8 Science Chapter 5): Uses of electromagnets and How motors work","N/A","Covered","Learn, Mind Map, Flashcard and Quiz mapping verified."
"y8sci-electricity-uses-motors","Uses of Electromagnets and Motors","Applying a current to a coil of wire makes it electromagnetic.","Fact","Applying a current to a coil of wire makes it electromagnetic.","Uses of Electromagnets and Motors","y8sci-electricity-uses-motors-fact-5","Fact","What happens to a coil of wire when a current is applied?","Applying a current to a coil of wire makes it electromagnetic.","Specific","Exact","electricity-magnetism-q044","short-answer","knowledgeOrganiser","P2 Chapter 1: Electricity and magnetism Knowledge organiser (user-supplied image; registered on the site as Year 8 Science Chapter 5): Uses of electromagnets and How motors work","N/A","Covered","Learn, Mind Map, Flashcard and Quiz mapping verified."
"y8sci-electricity-uses-motors","Uses of Electromagnets and Motors","A force between the coil of wire and a nearby permanent magnet drives a motor.","Fact","A force between the coil of wire and a nearby permanent magnet drives a motor.","Uses of Electromagnets and Motors","y8sci-electricity-uses-motors-fact-6","Fact","What force interaction drives a motor?","A force between the coil of wire and a nearby permanent magnet drives a motor.","Specific","Exact","electricity-magnetism-q044","short-answer","knowledgeOrganiser","P2 Chapter 1: Electricity and magnetism Knowledge organiser (user-supplied image; registered on the site as Year 8 Science Chapter 5): Uses of electromagnets and How motors work","N/A","Covered","Learn, Mind Map, Flashcard and Quiz mapping verified."
"y8sci-electricity-uses-motors","Uses of Electromagnets and Motors","motor","Vocabulary","motor","Uses of Electromagnets and Motors","y8sci-electricity-uses-motors-term-1","Vocabulary","Define motor.","A device driven by the force between an electromagnetic coil and a nearby permanent magnet.","Specific","Approved faithful version","electricity-magnetism-q057","ordering","knowledgeOrganiser","P2 Chapter 1: Electricity and magnetism Knowledge organiser (user-supplied image; registered on the site as Year 8 Science Chapter 5): Key terms — motor","N/A","Covered","Definition is source-faithful and suitable for Year 8 retrieval practice."
